UserId,Status,Date
0d2b5c5a-8a41-4997-ad20-a604731bb160,2,2025-08-25
0d2b5c5a-8a41-4997-ad20-a604731bb160,2,2025-08-26
0d2b5c5a-8a41-4997-ad20-a604731bb160,2,2025-08-27
0d2b5c5a-8a41-4997-ad20-a604731bb160,2,2025-08-28
0d2b5c5a-8a41-4997-ad20-a604731bb160,2,2025-08-29
0d2b5c5a-8a41-4997-ad20-a604731bb160,2,2025-08-30
0d2b5c5a-8a41-4997-ad20-a604731bb160,2,2025-08-31
0d2b5c5a-8a41-4997-ad20-a604731bb160,2,2025-09-01
0d2b5c5a-8a41-4997-ad20-a604731bb160,2,2025-09-02
0d2b5c5a-8a41-4997-ad20-a604731bb160,2,2025-09-03
0d2b5c5a-8a41-4997-ad20-a604731bb160,2,2025-09-04
0d2b5c5a-8a41-4997-ad20-a604731bb160,2,2025-09-05
0d2b5c5a-8a41-4997-ad20-a604731bb160,2,2025-10-27
0d2b5c5a-8a41-4997-ad20-a604731bb160,2,2026-01-26
0d2b5c5a-8a41-4997-ad20-a604731bb160,2,2026-01-27
0d2b5c5a-8a41-4997-ad20-a604731bb160,2,2026-01-28
0d2b5c5a-8a41-4997-ad20-a604731bb160,2,2026-01-29
0d2b5c5a-8a41-4997-ad20-a604731bb160,2,2026-08-14
0d2b5c5a-8a41-4997-ad20-a604731bb160,2,2026-08-15
0d2b5c5a-8a41-4997-ad20-a604731bb160,2,2026-08-16
0d2b5c5a-8a41-4997-ad20-a604731bb160,2,2026-08-17
0d2b5c5a-8a41-4997-ad20-a604731bb160,2,2026-08-18
0d2b5c5a-8a41-4997-ad20-a604731bb160,2,2026-08-19
0d2b5c5a-8a41-4997-ad20-a604731bb160,2,2026-08-20
0d2b5c5a-8a41-4997-ad20-a604731bb160,2,2026-08-21
0d2b5c5a-8a41-4997-ad20-a604731bb160,2,2026-08-22
0d2b5c5a-8a41-4997-ad20-a604731bb160,2,2026-08-23
0d2b5c5a-8a41-4997-ad20-a604731bb160,2,2026-08-24
0d2b5c5a-8a41-4997-ad20-a604731bb160,2,2026-08-25
0d2b5c5a-8a41-4997-ad20-a604731bb160,2,2026-08-26
0d2b5c5a-8a41-4997-ad20-a604731bb160,2,2026-08-27
0d2b5c5a-8a41-4997-ad20-a604731bb160,2,2026-08-28
0d2b5c5a-8a41-4997-ad20-a604731bb160,2,2026-08-29
0d2b5c5a-8a41-4997-ad20-a604731bb160,2,2026-08-30
0fac737b-0e61-46db-a27a-52730d65cb9a,2,2024-12-14
0fac737b-0e61-46db-a27a-52730d65cb9a,2,2024-12-15
0fac737b-0e61-46db-a27a-52730d65cb9a,2,2024-12-16
0fac737b-0e61-46db-a27a-52730d65cb9a,2,2024-12-17
0fac737b-0e61-46db-a27a-52730d65cb9a,2,2024-12-18
0fac737b-0e61-46db-a27a-52730d65cb9a,2,2024-12-19
0fac737b-0e61-46db-a27a-52730d65cb9a,2,2024-12-20
0fac737b-0e61-46db-a27a-52730d65cb9a,2,2025-01-28
0fac737b-0e61-46db-a27a-52730d65cb9a,2,2025-02-13
0fac737b-0e61-46db-a27a-52730d65cb9a,2,2025-02-22
0fac737b-0e61-46db-a27a-52730d65cb9a,2,2025-02-23
0fac737b-0e61-46db-a27a-52730d65cb9a,2,2025-02-24
0fac737b-0e61-46db-a27a-52730d65cb9a,2,2025-02-25
0fac737b-0e61-46db-a27a-52730d65cb9a,2,2025-02-26
0fac737b-0e61-46db-a27a-52730d65cb9a,2,2025-02-27
0fac737b-0e61-46db-a27a-52730d65cb9a,2,2025-02-28
0fac737b-0e61-46db-a27a-52730d65cb9a,2,2025-03-01
0fac737b-0e61-46db-a27a-52730d65cb9a,2,2025-03-02
0fac737b-0e61-46db-a27a-52730d65cb9a,2,2025-05-12
0fac737b-0e61-46db-a27a-52730d65cb9a,2,2025-05-13
0fac737b-0e61-46db-a27a-52730d65cb9a,2,2025-05-14
0fac737b-0e61-46db-a27a-52730d65cb9a,2,2025-05-15
0fac737b-0e61-46db-a27a-52730d65cb9a,2,2025-05-16
0fac737b-0e61-46db-a27a-52730d65cb9a,2,2025-05-17
0fac737b-0e61-46db-a27a-52730d65cb9a,2,2025-05-18
0fac737b-0e61-46db-a27a-52730d65cb9a,2,2025-06-23
0fac737b-0e61-46db-a27a-52730d65cb9a,2,2025-06-27
0fac737b-0e61-46db-a27a-52730d65cb9a,2,2025-06-28
0fac737b-0e61-46db-a27a-52730d65cb9a,2,2025-06-29
0fac737b-0e61-46db-a27a-52730d65cb9a,2,2025-06-30
0fac737b-0e61-46db-a27a-52730d65cb9a,2,2025-07-01
0fac737b-0e61-46db-a27a-52730d65cb9a,2,2025-07-02
0fac737b-0e61-46db-a27a-52730d65cb9a,2,2025-07-03
0fac737b-0e61-46db-a27a-52730d65cb9a,2,2025-07-04
0fac737b-0e61-46db-a27a-52730d65cb9a,2,2025-07-05
0fac737b-0e61-46db-a27a-52730d65cb9a,2,2025-07-06
0fac737b-0e61-46db-a27a-52730d65cb9a,2,2025-07-07
0fac737b-0e61-46db-a27a-52730d65cb9a,2,2025-07-08
0fac737b-0e61-46db-a27a-52730d65cb9a,2,2025-07-09
0fac737b-0e61-46db-a27a-52730d65cb9a,2,2025-07-10
0fac737b-0e61-46db-a27a-52730d65cb9a,2,2025-07-11
0fac737b-0e61-46db-a27a-52730d65cb9a,2,2025-07-12
0fac737b-0e61-46db-a27a-52730d65cb9a,2,2025-07-13
0fac737b-0e61-46db-a27a-52730d65cb9a,2,2025-08-11
0fac737b-0e61-46db-a27a-52730d65cb9a,2,2025-08-25
0fac737b-0e61-46db-a27a-52730d65cb9a,2,2025-09-01
0fac737b-0e61-46db-a27a-52730d65cb9a,2,2025-09-02
0fac737b-0e61-46db-a27a-52730d65cb9a,2,2025-09-03
0fac737b-0e61-46db-a27a-52730d65cb9a,2,2025-09-04
0fac737b-0e61-46db-a27a-52730d65cb9a,2,2025-09-05
0fac737b-0e61-46db-a27a-52730d65cb9a,2,2025-09-06
0fac737b-0e61-46db-a27a-52730d65cb9a,2,2025-09-07
0fac737b-0e61-46db-a27a-52730d65cb9a,2,2025-09-08
0fac737b-0e61-46db-a27a-52730d65cb9a,2,2025-11-28
0fac737b-0e61-46db-a27a-52730d65cb9a,2,2025-11-29
0fac737b-0e61-46db-a27a-52730d65cb9a,2,2025-11-30
0fac737b-0e61-46db-a27a-52730d65cb9a,2,2025-12-01
0fac737b-0e61-46db-a27a-52730d65cb9a,2,2025-12-31
0fac737b-0e61-46db-a27a-52730d65cb9a,2,2026-01-01
0fac737b-0e61-46db-a27a-52730d65cb9a,2,2026-01-02
0fac737b-0e61-46db-a27a-52730d65cb9a,2,2026-01-03
0fac737b-0e61-46db-a27a-52730d65cb9a,2,2026-01-10
0fac737b-0e61-46db-a27a-52730d65cb9a,2,2026-01-11
0fac737b-0e61-46db-a27a-52730d65cb9a,2,2026-01-12
0fac737b-0e61-46db-a27a-52730d65cb9a,2,2026-01-13
0fac737b-0e61-46db-a27a-52730d65cb9a,2,2026-01-14
0fac737b-0e61-46db-a27a-52730d65cb9a,2,2026-01-15
0fac737b-0e61-46db-a27a-52730d65cb9a,2,2026-01-16
0fac737b-0e61-46db-a27a-52730d65cb9a,2,2026-01-17
0fac737b-0e61-46db-a27a-52730d65cb9a,2,2026-05-01
0fac737b-0e61-46db-a27a-52730d65cb9a,2,2026-05-02
0fac737b-0e61-46db-a27a-52730d65cb9a,2,2026-05-03
0fac737b-0e61-46db-a27a-52730d65cb9a,2,2026-07-11
0fac737b-0e61-46db-a27a-52730d65cb9a,2,2026-07-12
0fac737b-0e61-46db-a27a-52730d65cb9a,2,2026-07-13
0fac737b-0e61-46db-a27a-52730d65cb9a,2,2026-07-14
0fac737b-0e61-46db-a27a-52730d65cb9a,2,2026-07-15
0fac737b-0e61-46db-a27a-52730d65cb9a,2,2026-07-16
0fac737b-0e61-46db-a27a-52730d65cb9a,2,2026-07-17
0fac737b-0e61-46db-a27a-52730d65cb9a,2,2026-07-18
0fac737b-0e61-46db-a27a-52730d65cb9a,2,2026-07-19
0fac737b-0e61-46db-a27a-52730d65cb9a,2,2026-07-20
0fac737b-0e61-46db-a27a-52730d65cb9a,2,2026-07-21
0fac737b-0e61-46db-a27a-52730d65cb9a,2,2026-07-22
0fac737b-0e61-46db-a27a-52730d65cb9a,2,2026-07-23
0fac737b-0e61-46db-a27a-52730d65cb9a,2,2026-07-24
0fac737b-0e61-46db-a27a-52730d65cb9a,2,2026-07-25
0fac737b-0e61-46db-a27a-52730d65cb9a,2,2026-09-04
0fac737b-0e61-46db-a27a-52730d65cb9a,2,2026-09-05
0fac737b-0e61-46db-a27a-52730d65cb9a,2,2026-09-06
0fac737b-0e61-46db-a27a-52730d65cb9a,2,2026-09-07
0fac737b-0e61-46db-a27a-52730d65cb9a,2,2026-09-08
0fac737b-0e61-46db-a27a-52730d65cb9a,2,2026-09-09
0fac737b-0e61-46db-a27a-52730d65cb9a,2,2026-09-10
0fac737b-0e61-46db-a27a-52730d65cb9a,2,2026-09-11
0fac737b-0e61-46db-a27a-52730d65cb9a,2,2026-09-12
10005f55-8589-4836-800d-4b8bba0bf675,2,2025-06-05
10005f55-8589-4836-800d-4b8bba0bf675,2,2025-06-06
10005f55-8589-4836-800d-4b8bba0bf675,2,2025-06-07
10005f55-8589-4836-800d-4b8bba0bf675,2,2025-08-11
10005f55-8589-4836-800d-4b8bba0bf675,2,2025-08-12
10005f55-8589-4836-800d-4b8bba0bf675,2,2025-08-13
10005f55-8589-4836-800d-4b8bba0bf675,2,2025-08-14
10005f55-8589-4836-800d-4b8bba0bf675,2,2025-08-15
10005f55-8589-4836-800d-4b8bba0bf675,2,2025-08-16
10005f55-8589-4836-800d-4b8bba0bf675,2,2025-08-17
10005f55-8589-4836-800d-4b8bba0bf675,2,2025-08-18
10005f55-8589-4836-800d-4b8bba0bf675,2,2025-08-19
10005f55-8589-4836-800d-4b8bba0bf675,2,2025-08-20
10005f55-8589-4836-800d-4b8bba0bf675,2,2025-08-21
10005f55-8589-4836-800d-4b8bba0bf675,2,2025-08-22
10005f55-8589-4836-800d-4b8bba0bf675,2,2025-08-23
10005f55-8589-4836-800d-4b8bba0bf675,2,2025-08-24
10005f55-8589-4836-800d-4b8bba0bf675,2,2025-09-27
10005f55-8589-4836-800d-4b8bba0bf675,2,2025-09-28
10005f55-8589-4836-800d-4b8bba0bf675,2,2025-09-29
10005f55-8589-4836-800d-4b8bba0bf675,2,2025-12-25
10005f55-8589-4836-800d-4b8bba0bf675,2,2025-12-26
10005f55-8589-4836-800d-4b8bba0bf675,2,2025-12-27
10005f55-8589-4836-800d-4b8bba0bf675,2,2026-04-01
10005f55-8589-4836-800d-4b8bba0bf675,2,2026-04-02
10005f55-8589-4836-800d-4b8bba0bf675,2,2026-04-03
10005f55-8589-4836-800d-4b8bba0bf675,2,2026-04-04
10005f55-8589-4836-800d-4b8bba0bf675,2,2026-07-05
10005f55-8589-4836-800d-4b8bba0bf675,2,2026-07-06
10005f55-8589-4836-800d-4b8bba0bf675,2,2026-07-07
10005f55-8589-4836-800d-4b8bba0bf675,2,2026-07-08
10005f55-8589-4836-800d-4b8bba0bf675,2,2026-07-09
10005f55-8589-4836-800d-4b8bba0bf675,2,2026-07-10
10005f55-8589-4836-800d-4b8bba0bf675,2,2026-07-11
10005f55-8589-4836-800d-4b8bba0bf675,2,2026-07-12
10005f55-8589-4836-800d-4b8bba0bf675,2,2026-07-29
10005f55-8589-4836-800d-4b8bba0bf675,2,2026-07-30
10005f55-8589-4836-800d-4b8bba0bf675,2,2026-07-31
10005f55-8589-4836-800d-4b8bba0bf675,2,2026-08-01
10005f55-8589-4836-800d-4b8bba0bf675,2,2026-08-02
10005f55-8589-4836-800d-4b8bba0bf675,2,2026-08-03
10005f55-8589-4836-800d-4b8bba0bf675,2,2026-08-04
10005f55-8589-4836-800d-4b8bba0bf675,2,2026-08-05
11838d58-5415-42bd-8c7f-3bef4f9db2aa,2,2025-08-02
11838d58-5415-42bd-8c7f-3bef4f9db2aa,2,2025-08-03
11838d58-5415-42bd-8c7f-3bef4f9db2aa,2,2025-08-04
11838d58-5415-42bd-8c7f-3bef4f9db2aa,2,2025-08-05
11838d58-5415-42bd-8c7f-3bef4f9db2aa,2,2025-08-06
11838d58-5415-42bd-8c7f-3bef4f9db2aa,2,2025-08-07
11838d58-5415-42bd-8c7f-3bef4f9db2aa,2,2025-08-08
11838d58-5415-42bd-8c7f-3bef4f9db2aa,2,2025-08-09
11838d58-5415-42bd-8c7f-3bef4f9db2aa,2,2025-10-06
11838d58-5415-42bd-8c7f-3bef4f9db2aa,2,2025-10-07
11838d58-5415-42bd-8c7f-3bef4f9db2aa,2,2025-10-25
11838d58-5415-42bd-8c7f-3bef4f9db2aa,2,2025-10-26
11838d58-5415-42bd-8c7f-3bef4f9db2aa,2,2025-10-27
11838d58-5415-42bd-8c7f-3bef4f9db2aa,2,2025-10-28
11838d58-5415-42bd-8c7f-3bef4f9db2aa,2,2025-11-22
11838d58-5415-42bd-8c7f-3bef4f9db2aa,2,2025-11-23
144bc00f-b27f-49a9-8664-9bcd79ea6975,2,2025-03-31
144bc00f-b27f-49a9-8664-9bcd79ea6975,2,2025-04-13
144bc00f-b27f-49a9-8664-9bcd79ea6975,2,2025-05-31
144bc00f-b27f-49a9-8664-9bcd79ea6975,2,2025-06-01
144bc00f-b27f-49a9-8664-9bcd79ea6975,2,2025-06-02
144bc00f-b27f-49a9-8664-9bcd79ea6975,2,2025-06-24
144bc00f-b27f-49a9-8664-9bcd79ea6975,2,2025-06-25
144bc00f-b27f-49a9-8664-9bcd79ea6975,2,2025-06-26
144bc00f-b27f-49a9-8664-9bcd79ea6975,2,2025-06-27
144bc00f-b27f-49a9-8664-9bcd79ea6975,2,2025-06-28
144bc00f-b27f-49a9-8664-9bcd79ea6975,2,2025-06-29
144bc00f-b27f-49a9-8664-9bcd79ea6975,2,2025-06-30
144bc00f-b27f-49a9-8664-9bcd79ea6975,2,2025-07-01
144bc00f-b27f-49a9-8664-9bcd79ea6975,2,2025-07-22
144bc00f-b27f-49a9-8664-9bcd79ea6975,2,2025-07-23
144bc00f-b27f-49a9-8664-9bcd79ea6975,2,2025-07-24
144bc00f-b27f-49a9-8664-9bcd79ea6975,2,2025-07-25
144bc00f-b27f-49a9-8664-9bcd79ea6975,2,2025-07-26
144bc00f-b27f-49a9-8664-9bcd79ea6975,2,2025-07-27
144bc00f-b27f-49a9-8664-9bcd79ea6975,2,2025-07-28
144bc00f-b27f-49a9-8664-9bcd79ea6975,2,2025-07-29
144bc00f-b27f-49a9-8664-9bcd79ea6975,2,2025-08-28
144bc00f-b27f-49a9-8664-9bcd79ea6975,2,2025-08-29
144bc00f-b27f-49a9-8664-9bcd79ea6975,2,2025-08-30
144bc00f-b27f-49a9-8664-9bcd79ea6975,2,2025-08-31
144bc00f-b27f-49a9-8664-9bcd79ea6975,2,2025-10-17
144bc00f-b27f-49a9-8664-9bcd79ea6975,2,2025-10-18
144bc00f-b27f-49a9-8664-9bcd79ea6975,2,2025-10-19
144bc00f-b27f-49a9-8664-9bcd79ea6975,2,2025-10-20
144bc00f-b27f-49a9-8664-9bcd79ea6975,2,2025-12-22
144bc00f-b27f-49a9-8664-9bcd79ea6975,2,2025-12-23
144bc00f-b27f-49a9-8664-9bcd79ea6975,2,2025-12-27
144bc00f-b27f-49a9-8664-9bcd79ea6975,2,2025-12-29
144bc00f-b27f-49a9-8664-9bcd79ea6975,2,2026-03-16
144bc00f-b27f-49a9-8664-9bcd79ea6975,2,2026-03-24
144bc00f-b27f-49a9-8664-9bcd79ea6975,2,2026-04-03
144bc00f-b27f-49a9-8664-9bcd79ea6975,2,2026-04-08
144bc00f-b27f-49a9-8664-9bcd79ea6975,2,2026-04-09
144bc00f-b27f-49a9-8664-9bcd79ea6975,2,2026-04-10
144bc00f-b27f-49a9-8664-9bcd79ea6975,2,2026-04-11
144bc00f-b27f-49a9-8664-9bcd79ea6975,2,2026-04-12
144bc00f-b27f-49a9-8664-9bcd79ea6975,2,2026-04-13
144bc00f-b27f-49a9-8664-9bcd79ea6975,2,2026-04-14
157e4c9d-980e-4897-ad5f-f4c5c301f195,2,2024-05-03
157e4c9d-980e-4897-ad5f-f4c5c301f195,2,2024-05-04
157e4c9d-980e-4897-ad5f-f4c5c301f195,2,2024-05-05
157e4c9d-980e-4897-ad5f-f4c5c301f195,2,2024-11-14
157e4c9d-980e-4897-ad5f-f4c5c301f195,2,2024-11-15
157e4c9d-980e-4897-ad5f-f4c5c301f195,2,2024-11-16
157e4c9d-980e-4897-ad5f-f4c5c301f195,2,2024-11-17
157e4c9d-980e-4897-ad5f-f4c5c301f195,2,2024-11-18
157e4c9d-980e-4897-ad5f-f4c5c301f195,2,2024-11-19
157e4c9d-980e-4897-ad5f-f4c5c301f195,2,2025-06-05
157e4c9d-980e-4897-ad5f-f4c5c301f195,2,2025-06-12
157e4c9d-980e-4897-ad5f-f4c5c301f195,2,2025-06-13
157e4c9d-980e-4897-ad5f-f4c5c301f195,2,2025-06-14
157e4c9d-980e-4897-ad5f-f4c5c301f195,2,2025-06-15
157e4c9d-980e-4897-ad5f-f4c5c301f195,2,2025-06-16
157e4c9d-980e-4897-ad5f-f4c5c301f195,2,2025-06-17
157e4c9d-980e-4897-ad5f-f4c5c301f195,2,2025-08-06
157e4c9d-980e-4897-ad5f-f4c5c301f195,2,2025-08-07
157e4c9d-980e-4897-ad5f-f4c5c301f195,2,2025-08-08
157e4c9d-980e-4897-ad5f-f4c5c301f195,2,2025-08-09
157e4c9d-980e-4897-ad5f-f4c5c301f195,2,2025-08-10
157e4c9d-980e-4897-ad5f-f4c5c301f195,2,2025-08-11
157e4c9d-980e-4897-ad5f-f4c5c301f195,2,2025-08-12
157e4c9d-980e-4897-ad5f-f4c5c301f195,2,2025-08-13
157e4c9d-980e-4897-ad5f-f4c5c301f195,2,2025-08-14
157e4c9d-980e-4897-ad5f-f4c5c301f195,2,2025-08-15
157e4c9d-980e-4897-ad5f-f4c5c301f195,2,2025-08-16
157e4c9d-980e-4897-ad5f-f4c5c301f195,2,2025-08-17
157e4c9d-980e-4897-ad5f-f4c5c301f195,2,2025-08-18
157e4c9d-980e-4897-ad5f-f4c5c301f195,2,2025-08-19
157e4c9d-980e-4897-ad5f-f4c5c301f195,2,2025-08-20
157e4c9d-980e-4897-ad5f-f4c5c301f195,2,2025-08-21
157e4c9d-980e-4897-ad5f-f4c5c301f195,2,2025-08-22
157e4c9d-980e-4897-ad5f-f4c5c301f195,2,2025-08-23
157e4c9d-980e-4897-ad5f-f4c5c301f195,2,2025-09-11
157e4c9d-980e-4897-ad5f-f4c5c301f195,2,2025-09-12
157e4c9d-980e-4897-ad5f-f4c5c301f195,2,2025-09-19
157e4c9d-980e-4897-ad5f-f4c5c301f195,2,2025-10-11
157e4c9d-980e-4897-ad5f-f4c5c301f195,2,2025-11-10
157e4c9d-980e-4897-ad5f-f4c5c301f195,2,2025-11-11
157e4c9d-980e-4897-ad5f-f4c5c301f195,2,2025-11-12
157e4c9d-980e-4897-ad5f-f4c5c301f195,2,2025-11-13
157e4c9d-980e-4897-ad5f-f4c5c301f195,2,2025-11-14
157e4c9d-980e-4897-ad5f-f4c5c301f195,2,2025-11-15
157e4c9d-980e-4897-ad5f-f4c5c301f195,2,2025-12-25
157e4c9d-980e-4897-ad5f-f4c5c301f195,2,2025-12-26
157e4c9d-980e-4897-ad5f-f4c5c301f195,2,2025-12-27
157e4c9d-980e-4897-ad5f-f4c5c301f195,2,2025-12-28
157e4c9d-980e-4897-ad5f-f4c5c301f195,2,2026-02-09
157e4c9d-980e-4897-ad5f-f4c5c301f195,2,2026-02-14
157e4c9d-980e-4897-ad5f-f4c5c301f195,2,2026-02-16
157e4c9d-980e-4897-ad5f-f4c5c301f195,2,2026-03-17
157e4c9d-980e-4897-ad5f-f4c5c301f195,2,2026-03-27
157e4c9d-980e-4897-ad5f-f4c5c301f195,2,2026-03-28
157e4c9d-980e-4897-ad5f-f4c5c301f195,2,2026-04-24
157e4c9d-980e-4897-ad5f-f4c5c301f195,2,2026-05-22
1641a578-00b2-4973-955d-095bc254d709,2,2025-03-26
1641a578-00b2-4973-955d-095bc254d709,2,2025-03-27
1641a578-00b2-4973-955d-095bc254d709,2,2025-03-28
1641a578-00b2-4973-955d-095bc254d709,2,2025-03-29
1641a578-00b2-4973-955d-095bc254d709,2,2025-03-30
1641a578-00b2-4973-955d-095bc254d709,2,2025-03-31
1641a578-00b2-4973-955d-095bc254d709,2,2025-04-01
1641a578-00b2-4973-955d-095bc254d709,2,2025-04-17
1641a578-00b2-4973-955d-095bc254d709,2,2025-04-18
1641a578-00b2-4973-955d-095bc254d709,2,2025-05-14
1641a578-00b2-4973-955d-095bc254d709,2,2025-09-03
1641a578-00b2-4973-955d-095bc254d709,2,2025-09-04
1641a578-00b2-4973-955d-095bc254d709,2,2025-09-05
1641a578-00b2-4973-955d-095bc254d709,2,2025-09-06
1641a578-00b2-4973-955d-095bc254d709,2,2025-09-07
1641a578-00b2-4973-955d-095bc254d709,2,2025-09-08
1641a578-00b2-4973-955d-095bc254d709,2,2025-09-09
1641a578-00b2-4973-955d-095bc254d709,2,2025-09-10
1641a578-00b2-4973-955d-095bc254d709,2,2025-11-23
1641a578-00b2-4973-955d-095bc254d709,2,2025-11-24
1641a578-00b2-4973-955d-095bc254d709,2,2025-11-25
1641a578-00b2-4973-955d-095bc254d709,2,2025-11-26
1641a578-00b2-4973-955d-095bc254d709,2,2025-12-24
1641a578-00b2-4973-955d-095bc254d709,2,2025-12-25
1641a578-00b2-4973-955d-095bc254d709,2,2025-12-27
1641a578-00b2-4973-955d-095bc254d709,2,2025-12-28
1641a578-00b2-4973-955d-095bc254d709,2,2025-12-29
1641a578-00b2-4973-955d-095bc254d709,2,2026-03-10
1641a578-00b2-4973-955d-095bc254d709,2,2026-03-11
1641a578-00b2-4973-955d-095bc254d709,2,2026-03-27
1641a578-00b2-4973-955d-095bc254d709,2,2026-03-28
1641a578-00b2-4973-955d-095bc254d709,2,2026-03-29
1641a578-00b2-4973-955d-095bc254d709,2,2026-05-05
1641a578-00b2-4973-955d-095bc254d709,2,2026-05-25
1641a578-00b2-4973-955d-095bc254d709,2,2026-06-01
1641a578-00b2-4973-955d-095bc254d709,2,2026-06-02
1641a578-00b2-4973-955d-095bc254d709,2,2026-06-03
1641a578-00b2-4973-955d-095bc254d709,2,2026-06-04
1641a578-00b2-4973-955d-095bc254d709,2,2026-06-05
1641a578-00b2-4973-955d-095bc254d709,2,2026-06-06
1641a578-00b2-4973-955d-095bc254d709,2,2026-06-07
1641a578-00b2-4973-955d-095bc254d709,2,2026-07-01
1641a578-00b2-4973-955d-095bc254d709,2,2026-07-02
1641a578-00b2-4973-955d-095bc254d709,2,2026-07-03
1641a578-00b2-4973-955d-095bc254d709,2,2026-07-04
1641a578-00b2-4973-955d-095bc254d709,2,2026-07-05
1641a578-00b2-4973-955d-095bc254d709,2,2026-07-06
1641a578-00b2-4973-955d-095bc254d709,2,2026-07-07
1641a578-00b2-4973-955d-095bc254d709,2,2026-07-08
1641a578-00b2-4973-955d-095bc254d709,2,2026-07-09
1641a578-00b2-4973-955d-095bc254d709,2,2026-07-10
1641a578-00b2-4973-955d-095bc254d709,2,2026-07-11
1641a578-00b2-4973-955d-095bc254d709,2,2026-07-12
1641a578-00b2-4973-955d-095bc254d709,2,2026-07-13
1641a578-00b2-4973-955d-095bc254d709,2,2026-07-14
1641a578-00b2-4973-955d-095bc254d709,2,2026-09-17
1641a578-00b2-4973-955d-095bc254d709,2,2026-09-18
1641a578-00b2-4973-955d-095bc254d709,2,2026-09-19
1641a578-00b2-4973-955d-095bc254d709,2,2026-09-20
1916bf76-0235-4795-91ba-407148f8a703,2,2025-10-27
1916bf76-0235-4795-91ba-407148f8a703,2,2025-10-28
1916bf76-0235-4795-91ba-407148f8a703,2,2025-10-29
1916bf76-0235-4795-91ba-407148f8a703,2,2025-10-30
1916bf76-0235-4795-91ba-407148f8a703,2,2025-10-31
1916bf76-0235-4795-91ba-407148f8a703,2,2025-11-01
1916bf76-0235-4795-91ba-407148f8a703,2,2025-11-02
1916bf76-0235-4795-91ba-407148f8a703,2,2025-11-03
1916bf76-0235-4795-91ba-407148f8a703,2,2025-11-04
1916bf76-0235-4795-91ba-407148f8a703,2,2025-11-05
1916bf76-0235-4795-91ba-407148f8a703,2,2025-11-06
1916bf76-0235-4795-91ba-407148f8a703,2,2025-11-07
1916bf76-0235-4795-91ba-407148f8a703,2,2025-11-08
1916bf76-0235-4795-91ba-407148f8a703,2,2025-11-09
1916bf76-0235-4795-91ba-407148f8a703,2,2025-11-10
1916bf76-0235-4795-91ba-407148f8a703,2,2025-11-11
1916bf76-0235-4795-91ba-407148f8a703,2,2025-11-12
1916bf76-0235-4795-91ba-407148f8a703,2,2025-11-13
1916bf76-0235-4795-91ba-407148f8a703,2,2025-11-14
1916bf76-0235-4795-91ba-407148f8a703,2,2025-11-15
1916bf76-0235-4795-91ba-407148f8a703,2,2025-11-16
1916bf76-0235-4795-91ba-407148f8a703,2,2026-01-02
1916bf76-0235-4795-91ba-407148f8a703,2,2026-01-03
1916bf76-0235-4795-91ba-407148f8a703,2,2026-03-07
1916bf76-0235-4795-91ba-407148f8a703,2,2026-03-08
1916bf76-0235-4795-91ba-407148f8a703,2,2026-04-05
1916bf76-0235-4795-91ba-407148f8a703,2,2026-06-29
1916bf76-0235-4795-91ba-407148f8a703,2,2026-06-30
1916bf76-0235-4795-91ba-407148f8a703,2,2026-07-01
1916bf76-0235-4795-91ba-407148f8a703,2,2026-07-02
1916bf76-0235-4795-91ba-407148f8a703,2,2026-07-03
1916bf76-0235-4795-91ba-407148f8a703,2,2026-07-04
1916bf76-0235-4795-91ba-407148f8a703,2,2026-07-05
1916bf76-0235-4795-91ba-407148f8a703,2,2026-07-06
1916bf76-0235-4795-91ba-407148f8a703,2,2026-07-07
1916bf76-0235-4795-91ba-407148f8a703,2,2026-07-08
1916bf76-0235-4795-91ba-407148f8a703,2,2026-07-09
1916bf76-0235-4795-91ba-407148f8a703,2,2026-07-10
1916bf76-0235-4795-91ba-407148f8a703,2,2026-07-11
1916bf76-0235-4795-91ba-407148f8a703,2,2026-07-12
1a75df7a-e558-47c6-8af0-033582318b99,2,2025-01-18
1a75df7a-e558-47c6-8af0-033582318b99,2,2025-01-19
1a75df7a-e558-47c6-8af0-033582318b99,2,2025-01-20
1a75df7a-e558-47c6-8af0-033582318b99,2,2025-04-15
1a75df7a-e558-47c6-8af0-033582318b99,2,2025-06-28
1a75df7a-e558-47c6-8af0-033582318b99,2,2025-06-29
1a75df7a-e558-47c6-8af0-033582318b99,2,2025-06-30
1a75df7a-e558-47c6-8af0-033582318b99,2,2025-07-01
1a75df7a-e558-47c6-8af0-033582318b99,2,2025-07-02
1a75df7a-e558-47c6-8af0-033582318b99,2,2025-07-03
1a75df7a-e558-47c6-8af0-033582318b99,2,2025-07-04
1a75df7a-e558-47c6-8af0-033582318b99,2,2025-07-05
1a75df7a-e558-47c6-8af0-033582318b99,2,2025-07-06
1a75df7a-e558-47c6-8af0-033582318b99,2,2025-08-17
1a75df7a-e558-47c6-8af0-033582318b99,2,2025-08-18
1a75df7a-e558-47c6-8af0-033582318b99,2,2025-08-19
1a75df7a-e558-47c6-8af0-033582318b99,2,2025-08-20
1a75df7a-e558-47c6-8af0-033582318b99,2,2025-08-21
1a75df7a-e558-47c6-8af0-033582318b99,2,2025-08-22
1a75df7a-e558-47c6-8af0-033582318b99,2,2025-08-23
1a75df7a-e558-47c6-8af0-033582318b99,2,2025-08-24
1a75df7a-e558-47c6-8af0-033582318b99,2,2025-08-27
1a75df7a-e558-47c6-8af0-033582318b99,2,2025-11-06
1a75df7a-e558-47c6-8af0-033582318b99,2,2025-12-31
1a75df7a-e558-47c6-8af0-033582318b99,2,2026-01-01
1a75df7a-e558-47c6-8af0-033582318b99,2,2026-01-02
1a75df7a-e558-47c6-8af0-033582318b99,2,2026-04-28
1a75df7a-e558-47c6-8af0-033582318b99,2,2026-04-29
1a75df7a-e558-47c6-8af0-033582318b99,2,2026-05-15
1a75df7a-e558-47c6-8af0-033582318b99,2,2026-06-15
1a75df7a-e558-47c6-8af0-033582318b99,2,2026-06-16
1a75df7a-e558-47c6-8af0-033582318b99,2,2026-06-17
1a75df7a-e558-47c6-8af0-033582318b99,2,2026-06-18
1a75df7a-e558-47c6-8af0-033582318b99,2,2026-07-11
1a75df7a-e558-47c6-8af0-033582318b99,2,2026-07-12
1a75df7a-e558-47c6-8af0-033582318b99,2,2026-07-13
1a75df7a-e558-47c6-8af0-033582318b99,2,2026-07-14
1a75df7a-e558-47c6-8af0-033582318b99,2,2026-07-15
1a75df7a-e558-47c6-8af0-033582318b99,2,2026-07-16
1a75df7a-e558-47c6-8af0-033582318b99,2,2026-07-17
1a75df7a-e558-47c6-8af0-033582318b99,2,2026-07-18
1a75df7a-e558-47c6-8af0-033582318b99,2,2026-07-19
1a75df7a-e558-47c6-8af0-033582318b99,2,2026-09-09
1a75df7a-e558-47c6-8af0-033582318b99,2,2026-09-10
1a75df7a-e558-47c6-8af0-033582318b99,2,2026-09-11
1a75df7a-e558-47c6-8af0-033582318b99,2,2026-09-12
1b96029f-d249-4657-97e1-ce4086f265fc,2,2025-04-29
1b96029f-d249-4657-97e1-ce4086f265fc,2,2025-04-30
1b96029f-d249-4657-97e1-ce4086f265fc,2,2025-05-01
1b96029f-d249-4657-97e1-ce4086f265fc,2,2025-05-02
1b96029f-d249-4657-97e1-ce4086f265fc,2,2025-05-03
1b96029f-d249-4657-97e1-ce4086f265fc,2,2025-05-04
1b96029f-d249-4657-97e1-ce4086f265fc,2,2025-05-05
1b96029f-d249-4657-97e1-ce4086f265fc,2,2025-05-06
1b96029f-d249-4657-97e1-ce4086f265fc,2,2025-05-07
1b96029f-d249-4657-97e1-ce4086f265fc,2,2025-07-30
1b96029f-d249-4657-97e1-ce4086f265fc,2,2025-07-31
1b96029f-d249-4657-97e1-ce4086f265fc,2,2025-08-06
1b96029f-d249-4657-97e1-ce4086f265fc,2,2025-08-07
1b96029f-d249-4657-97e1-ce4086f265fc,2,2025-10-27
1b96029f-d249-4657-97e1-ce4086f265fc,2,2025-10-28
1b96029f-d249-4657-97e1-ce4086f265fc,2,2025-10-29
1b96029f-d249-4657-97e1-ce4086f265fc,2,2025-10-30
1b96029f-d249-4657-97e1-ce4086f265fc,2,2025-10-31
1b96029f-d249-4657-97e1-ce4086f265fc,2,2025-11-01
1b96029f-d249-4657-97e1-ce4086f265fc,2,2025-11-02
1b96029f-d249-4657-97e1-ce4086f265fc,2,2025-11-03
1b96029f-d249-4657-97e1-ce4086f265fc,2,2025-11-04
1b96029f-d249-4657-97e1-ce4086f265fc,2,2025-11-05
1b96029f-d249-4657-97e1-ce4086f265fc,2,2025-11-06
1b96029f-d249-4657-97e1-ce4086f265fc,2,2025-11-07
1b96029f-d249-4657-97e1-ce4086f265fc,2,2025-11-08
1b96029f-d249-4657-97e1-ce4086f265fc,2,2025-11-09
1b96029f-d249-4657-97e1-ce4086f265fc,2,2025-11-10
1b96029f-d249-4657-97e1-ce4086f265fc,2,2025-11-11
1b96029f-d249-4657-97e1-ce4086f265fc,2,2025-11-12
1b96029f-d249-4657-97e1-ce4086f265fc,2,2025-11-13
1b96029f-d249-4657-97e1-ce4086f265fc,2,2025-11-14
1b96029f-d249-4657-97e1-ce4086f265fc,2,2025-11-15
1b96029f-d249-4657-97e1-ce4086f265fc,2,2025-11-16
1b96029f-d249-4657-97e1-ce4086f265fc,2,2026-01-29
1b96029f-d249-4657-97e1-ce4086f265fc,2,2026-01-30
1b96029f-d249-4657-97e1-ce4086f265fc,2,2026-08-10
1b96029f-d249-4657-97e1-ce4086f265fc,2,2026-08-11
1b96029f-d249-4657-97e1-ce4086f265fc,2,2026-08-12
1b96029f-d249-4657-97e1-ce4086f265fc,2,2026-08-13
1b96029f-d249-4657-97e1-ce4086f265fc,2,2026-08-14
1b96029f-d249-4657-97e1-ce4086f265fc,2,2026-08-15
1b96029f-d249-4657-97e1-ce4086f265fc,2,2026-08-16
1b96029f-d249-4657-97e1-ce4086f265fc,2,2026-08-17
1b96029f-d249-4657-97e1-ce4086f265fc,2,2026-08-18
1b96029f-d249-4657-97e1-ce4086f265fc,2,2026-08-19
1b96029f-d249-4657-97e1-ce4086f265fc,2,2026-08-20
1b96029f-d249-4657-97e1-ce4086f265fc,2,2026-08-21
1b96029f-d249-4657-97e1-ce4086f265fc,2,2026-08-22
1b96029f-d249-4657-97e1-ce4086f265fc,2,2026-08-23
1ddcffe7-c2ad-4836-a35b-75b12da1d336,2,2025-03-20
1ddcffe7-c2ad-4836-a35b-75b12da1d336,2,2025-03-21
1ddcffe7-c2ad-4836-a35b-75b12da1d336,2,2025-03-22
1ddcffe7-c2ad-4836-a35b-75b12da1d336,2,2025-03-23
1ddcffe7-c2ad-4836-a35b-75b12da1d336,2,2025-07-18
1ddcffe7-c2ad-4836-a35b-75b12da1d336,2,2025-07-19
1ddcffe7-c2ad-4836-a35b-75b12da1d336,2,2025-07-20
1ddcffe7-c2ad-4836-a35b-75b12da1d336,2,2025-07-21
1ddcffe7-c2ad-4836-a35b-75b12da1d336,2,2025-07-22
1ddcffe7-c2ad-4836-a35b-75b12da1d336,2,2025-07-23
1ddcffe7-c2ad-4836-a35b-75b12da1d336,2,2025-07-24
1ddcffe7-c2ad-4836-a35b-75b12da1d336,2,2025-07-25
1ddcffe7-c2ad-4836-a35b-75b12da1d336,2,2025-07-26
1ddcffe7-c2ad-4836-a35b-75b12da1d336,2,2025-08-15
1ddcffe7-c2ad-4836-a35b-75b12da1d336,2,2025-08-16
1ddcffe7-c2ad-4836-a35b-75b12da1d336,2,2025-08-17
1ddcffe7-c2ad-4836-a35b-75b12da1d336,2,2025-08-18
1ddcffe7-c2ad-4836-a35b-75b12da1d336,2,2025-08-19
1ddcffe7-c2ad-4836-a35b-75b12da1d336,2,2025-08-20
1ddcffe7-c2ad-4836-a35b-75b12da1d336,2,2025-08-21
1ddcffe7-c2ad-4836-a35b-75b12da1d336,2,2025-08-22
1ddcffe7-c2ad-4836-a35b-75b12da1d336,2,2025-08-23
1ddcffe7-c2ad-4836-a35b-75b12da1d336,2,2025-12-21
1ddcffe7-c2ad-4836-a35b-75b12da1d336,2,2025-12-22
1ddcffe7-c2ad-4836-a35b-75b12da1d336,2,2025-12-23
1ddcffe7-c2ad-4836-a35b-75b12da1d336,2,2025-12-24
1ddcffe7-c2ad-4836-a35b-75b12da1d336,2,2025-12-25
1ddcffe7-c2ad-4836-a35b-75b12da1d336,2,2025-12-27
1ddcffe7-c2ad-4836-a35b-75b12da1d336,2,2025-12-28
1ddcffe7-c2ad-4836-a35b-75b12da1d336,2,2026-02-17
1ddcffe7-c2ad-4836-a35b-75b12da1d336,2,2026-02-18
1ddcffe7-c2ad-4836-a35b-75b12da1d336,2,2026-02-19
1ddcffe7-c2ad-4836-a35b-75b12da1d336,2,2026-02-20
1ddcffe7-c2ad-4836-a35b-75b12da1d336,2,2026-04-28
1ddcffe7-c2ad-4836-a35b-75b12da1d336,2,2026-05-30
1ddcffe7-c2ad-4836-a35b-75b12da1d336,2,2026-05-31
1ddcffe7-c2ad-4836-a35b-75b12da1d336,2,2026-06-01
1ddcffe7-c2ad-4836-a35b-75b12da1d336,2,2026-06-02
1ddcffe7-c2ad-4836-a35b-75b12da1d336,2,2026-07-15
1ddcffe7-c2ad-4836-a35b-75b12da1d336,2,2026-07-16
1ddcffe7-c2ad-4836-a35b-75b12da1d336,2,2026-07-17
1ddcffe7-c2ad-4836-a35b-75b12da1d336,2,2026-07-18
1ddcffe7-c2ad-4836-a35b-75b12da1d336,2,2026-07-19
1ddcffe7-c2ad-4836-a35b-75b12da1d336,2,2026-07-20
1ddcffe7-c2ad-4836-a35b-75b12da1d336,2,2026-07-21
1ddcffe7-c2ad-4836-a35b-75b12da1d336,2,2026-07-22
1ddcffe7-c2ad-4836-a35b-75b12da1d336,2,2026-07-23
1ddcffe7-c2ad-4836-a35b-75b12da1d336,2,2026-07-24
1ddcffe7-c2ad-4836-a35b-75b12da1d336,2,2026-07-25
1ddcffe7-c2ad-4836-a35b-75b12da1d336,2,2026-07-26
1ddcffe7-c2ad-4836-a35b-75b12da1d336,2,2026-08-16
1ddcffe7-c2ad-4836-a35b-75b12da1d336,2,2026-08-17
1ddcffe7-c2ad-4836-a35b-75b12da1d336,2,2026-08-18
1ddcffe7-c2ad-4836-a35b-75b12da1d336,2,2026-08-19
1ddcffe7-c2ad-4836-a35b-75b12da1d336,2,2026-08-20
1ddcffe7-c2ad-4836-a35b-75b12da1d336,2,2026-08-21
1ddcffe7-c2ad-4836-a35b-75b12da1d336,2,2026-08-22
1ddcffe7-c2ad-4836-a35b-75b12da1d336,2,2026-08-23
1ddcffe7-c2ad-4836-a35b-75b12da1d336,2,2026-08-24
1ddcffe7-c2ad-4836-a35b-75b12da1d336,2,2026-08-25
1ddcffe7-c2ad-4836-a35b-75b12da1d336,2,2026-08-26
2320cb1b-d64f-4486-aabe-9754c12a1d06,2,2025-01-27
2320cb1b-d64f-4486-aabe-9754c12a1d06,2,2025-01-28
2320cb1b-d64f-4486-aabe-9754c12a1d06,2,2025-05-28
2320cb1b-d64f-4486-aabe-9754c12a1d06,2,2025-05-29
2320cb1b-d64f-4486-aabe-9754c12a1d06,2,2025-05-30
2320cb1b-d64f-4486-aabe-9754c12a1d06,2,2025-05-31
2320cb1b-d64f-4486-aabe-9754c12a1d06,2,2025-06-01
2320cb1b-d64f-4486-aabe-9754c12a1d06,2,2025-06-02
2320cb1b-d64f-4486-aabe-9754c12a1d06,2,2025-06-03
2320cb1b-d64f-4486-aabe-9754c12a1d06,2,2025-06-04
2320cb1b-d64f-4486-aabe-9754c12a1d06,2,2025-06-05
2320cb1b-d64f-4486-aabe-9754c12a1d06,2,2025-06-06
2320cb1b-d64f-4486-aabe-9754c12a1d06,2,2025-06-07
2320cb1b-d64f-4486-aabe-9754c12a1d06,2,2025-06-08
2320cb1b-d64f-4486-aabe-9754c12a1d06,2,2025-06-09
2320cb1b-d64f-4486-aabe-9754c12a1d06,2,2025-06-10
2320cb1b-d64f-4486-aabe-9754c12a1d06,2,2025-06-11
2320cb1b-d64f-4486-aabe-9754c12a1d06,2,2025-06-12
2320cb1b-d64f-4486-aabe-9754c12a1d06,2,2025-06-13
2320cb1b-d64f-4486-aabe-9754c12a1d06,2,2025-06-14
2320cb1b-d64f-4486-aabe-9754c12a1d06,2,2025-10-04
2320cb1b-d64f-4486-aabe-9754c12a1d06,2,2026-02-05
2320cb1b-d64f-4486-aabe-9754c12a1d06,2,2026-02-06
2320cb1b-d64f-4486-aabe-9754c12a1d06,2,2026-02-07
2320cb1b-d64f-4486-aabe-9754c12a1d06,2,2026-02-09
2320cb1b-d64f-4486-aabe-9754c12a1d06,2,2026-03-09
2320cb1b-d64f-4486-aabe-9754c12a1d06,2,2026-03-10
2320cb1b-d64f-4486-aabe-9754c12a1d06,2,2026-03-11
2320cb1b-d64f-4486-aabe-9754c12a1d06,2,2026-03-12
2320cb1b-d64f-4486-aabe-9754c12a1d06,2,2026-03-13
2320cb1b-d64f-4486-aabe-9754c12a1d06,2,2026-04-11
2320cb1b-d64f-4486-aabe-9754c12a1d06,2,2026-04-12
2320cb1b-d64f-4486-aabe-9754c12a1d06,2,2026-05-30
23585a8f-5bb9-44d7-a5f9-d7498c60ab2c,2,2025-04-12
23585a8f-5bb9-44d7-a5f9-d7498c60ab2c,2,2025-04-13
23585a8f-5bb9-44d7-a5f9-d7498c60ab2c,2,2025-05-21
23585a8f-5bb9-44d7-a5f9-d7498c60ab2c,2,2025-05-22
23585a8f-5bb9-44d7-a5f9-d7498c60ab2c,2,2025-05-23
23585a8f-5bb9-44d7-a5f9-d7498c60ab2c,2,2025-06-03
23585a8f-5bb9-44d7-a5f9-d7498c60ab2c,2,2025-06-04
23585a8f-5bb9-44d7-a5f9-d7498c60ab2c,2,2025-06-05
23585a8f-5bb9-44d7-a5f9-d7498c60ab2c,2,2025-06-06
23585a8f-5bb9-44d7-a5f9-d7498c60ab2c,2,2025-06-07
23585a8f-5bb9-44d7-a5f9-d7498c60ab2c,2,2025-06-08
23585a8f-5bb9-44d7-a5f9-d7498c60ab2c,2,2025-08-09
23585a8f-5bb9-44d7-a5f9-d7498c60ab2c,2,2025-08-10
23585a8f-5bb9-44d7-a5f9-d7498c60ab2c,2,2025-08-11
23585a8f-5bb9-44d7-a5f9-d7498c60ab2c,2,2025-08-12
23585a8f-5bb9-44d7-a5f9-d7498c60ab2c,2,2025-08-13
23585a8f-5bb9-44d7-a5f9-d7498c60ab2c,2,2025-08-14
23585a8f-5bb9-44d7-a5f9-d7498c60ab2c,2,2025-08-15
23585a8f-5bb9-44d7-a5f9-d7498c60ab2c,2,2025-08-16
23585a8f-5bb9-44d7-a5f9-d7498c60ab2c,2,2025-10-01
23585a8f-5bb9-44d7-a5f9-d7498c60ab2c,2,2025-10-02
23585a8f-5bb9-44d7-a5f9-d7498c60ab2c,2,2025-10-03
23585a8f-5bb9-44d7-a5f9-d7498c60ab2c,2,2025-10-04
23585a8f-5bb9-44d7-a5f9-d7498c60ab2c,2,2025-10-05
23585a8f-5bb9-44d7-a5f9-d7498c60ab2c,2,2025-10-28
23585a8f-5bb9-44d7-a5f9-d7498c60ab2c,2,2025-11-15
23585a8f-5bb9-44d7-a5f9-d7498c60ab2c,2,2025-11-16
23585a8f-5bb9-44d7-a5f9-d7498c60ab2c,2,2025-11-17
23585a8f-5bb9-44d7-a5f9-d7498c60ab2c,2,2026-01-20
23585a8f-5bb9-44d7-a5f9-d7498c60ab2c,2,2026-01-21
23585a8f-5bb9-44d7-a5f9-d7498c60ab2c,2,2026-01-28
23585a8f-5bb9-44d7-a5f9-d7498c60ab2c,2,2026-01-29
23585a8f-5bb9-44d7-a5f9-d7498c60ab2c,2,2026-03-12
23585a8f-5bb9-44d7-a5f9-d7498c60ab2c,2,2026-03-16
23585a8f-5bb9-44d7-a5f9-d7498c60ab2c,2,2026-04-13
23585a8f-5bb9-44d7-a5f9-d7498c60ab2c,2,2026-05-23
23585a8f-5bb9-44d7-a5f9-d7498c60ab2c,2,2026-05-24
23585a8f-5bb9-44d7-a5f9-d7498c60ab2c,2,2026-06-04
23585a8f-5bb9-44d7-a5f9-d7498c60ab2c,2,2026-06-05
23585a8f-5bb9-44d7-a5f9-d7498c60ab2c,2,2026-06-06
23585a8f-5bb9-44d7-a5f9-d7498c60ab2c,2,2026-06-07
23585a8f-5bb9-44d7-a5f9-d7498c60ab2c,2,2026-08-08
23585a8f-5bb9-44d7-a5f9-d7498c60ab2c,2,2026-08-09
23585a8f-5bb9-44d7-a5f9-d7498c60ab2c,2,2026-08-10
23585a8f-5bb9-44d7-a5f9-d7498c60ab2c,2,2026-08-11
23585a8f-5bb9-44d7-a5f9-d7498c60ab2c,2,2026-08-12
23585a8f-5bb9-44d7-a5f9-d7498c60ab2c,2,2026-08-13
23585a8f-5bb9-44d7-a5f9-d7498c60ab2c,2,2026-08-14
23585a8f-5bb9-44d7-a5f9-d7498c60ab2c,2,2026-08-15
23585a8f-5bb9-44d7-a5f9-d7498c60ab2c,2,2026-08-16
23585a8f-5bb9-44d7-a5f9-d7498c60ab2c,2,2026-08-17
23585a8f-5bb9-44d7-a5f9-d7498c60ab2c,2,2026-08-18
23585a8f-5bb9-44d7-a5f9-d7498c60ab2c,2,2026-08-19
23585a8f-5bb9-44d7-a5f9-d7498c60ab2c,2,2026-08-20
23585a8f-5bb9-44d7-a5f9-d7498c60ab2c,2,2026-08-21
23585a8f-5bb9-44d7-a5f9-d7498c60ab2c,2,2026-08-22
23585a8f-5bb9-44d7-a5f9-d7498c60ab2c,2,2026-08-23
27e0791f-5767-4877-b1e4-c80aceb86623,2,2025-03-24
27e0791f-5767-4877-b1e4-c80aceb86623,2,2025-03-25
27e0791f-5767-4877-b1e4-c80aceb86623,2,2025-03-26
27e0791f-5767-4877-b1e4-c80aceb86623,2,2025-03-27
27e0791f-5767-4877-b1e4-c80aceb86623,2,2025-03-28
27e0791f-5767-4877-b1e4-c80aceb86623,2,2025-03-29
27e0791f-5767-4877-b1e4-c80aceb86623,2,2025-03-30
27e0791f-5767-4877-b1e4-c80aceb86623,2,2025-06-20
27e0791f-5767-4877-b1e4-c80aceb86623,2,2025-06-21
27e0791f-5767-4877-b1e4-c80aceb86623,2,2025-06-22
27e0791f-5767-4877-b1e4-c80aceb86623,2,2025-06-23
27e0791f-5767-4877-b1e4-c80aceb86623,2,2025-06-24
27e0791f-5767-4877-b1e4-c80aceb86623,2,2025-06-25
27e0791f-5767-4877-b1e4-c80aceb86623,2,2025-06-26
27e0791f-5767-4877-b1e4-c80aceb86623,2,2025-06-27
27e0791f-5767-4877-b1e4-c80aceb86623,2,2025-06-28
27e0791f-5767-4877-b1e4-c80aceb86623,2,2025-08-02
27e0791f-5767-4877-b1e4-c80aceb86623,2,2025-08-03
27e0791f-5767-4877-b1e4-c80aceb86623,2,2025-08-04
27e0791f-5767-4877-b1e4-c80aceb86623,2,2025-08-05
27e0791f-5767-4877-b1e4-c80aceb86623,2,2025-08-06
27e0791f-5767-4877-b1e4-c80aceb86623,2,2025-08-07
27e0791f-5767-4877-b1e4-c80aceb86623,2,2025-08-08
27e0791f-5767-4877-b1e4-c80aceb86623,2,2025-08-09
27e0791f-5767-4877-b1e4-c80aceb86623,2,2025-08-10
27e0791f-5767-4877-b1e4-c80aceb86623,2,2025-08-11
27e0791f-5767-4877-b1e4-c80aceb86623,2,2025-08-12
27e0791f-5767-4877-b1e4-c80aceb86623,2,2025-08-13
27e0791f-5767-4877-b1e4-c80aceb86623,2,2025-08-14
27e0791f-5767-4877-b1e4-c80aceb86623,2,2025-08-15
27e0791f-5767-4877-b1e4-c80aceb86623,2,2025-08-16
27e0791f-5767-4877-b1e4-c80aceb86623,2,2025-09-15
27e0791f-5767-4877-b1e4-c80aceb86623,2,2025-10-06
27e0791f-5767-4877-b1e4-c80aceb86623,3,2025-11-09
27e0791f-5767-4877-b1e4-c80aceb86623,2,2025-11-09
27e0791f-5767-4877-b1e4-c80aceb86623,2,2026-01-13
27e0791f-5767-4877-b1e4-c80aceb86623,2,2026-01-28
27e0791f-5767-4877-b1e4-c80aceb86623,2,2026-01-31
27e0791f-5767-4877-b1e4-c80aceb86623,2,2026-02-01
27e0791f-5767-4877-b1e4-c80aceb86623,2,2026-02-02
27e0791f-5767-4877-b1e4-c80aceb86623,2,2026-02-03
27e0791f-5767-4877-b1e4-c80aceb86623,2,2026-02-04
27e0791f-5767-4877-b1e4-c80aceb86623,2,2026-02-05
27e0791f-5767-4877-b1e4-c80aceb86623,2,2026-02-06
27e0791f-5767-4877-b1e4-c80aceb86623,2,2026-02-07
27e0791f-5767-4877-b1e4-c80aceb86623,2,2026-02-08
27e0791f-5767-4877-b1e4-c80aceb86623,2,2026-04-28
27e0791f-5767-4877-b1e4-c80aceb86623,2,2026-05-05
27e0791f-5767-4877-b1e4-c80aceb86623,2,2026-05-06
27e0791f-5767-4877-b1e4-c80aceb86623,2,2026-05-07
27e0791f-5767-4877-b1e4-c80aceb86623,2,2026-05-08
27e0791f-5767-4877-b1e4-c80aceb86623,2,2026-06-22
27e0791f-5767-4877-b1e4-c80aceb86623,2,2026-06-23
27e0791f-5767-4877-b1e4-c80aceb86623,2,2026-06-24
27e0791f-5767-4877-b1e4-c80aceb86623,2,2026-06-25
27e0791f-5767-4877-b1e4-c80aceb86623,2,2026-06-26
27e0791f-5767-4877-b1e4-c80aceb86623,2,2026-06-27
27e0791f-5767-4877-b1e4-c80aceb86623,2,2026-06-28
27e0791f-5767-4877-b1e4-c80aceb86623,2,2026-08-06
27e0791f-5767-4877-b1e4-c80aceb86623,2,2026-08-07
27e0791f-5767-4877-b1e4-c80aceb86623,2,2026-08-08
27e0791f-5767-4877-b1e4-c80aceb86623,2,2026-08-09
27e0791f-5767-4877-b1e4-c80aceb86623,2,2026-08-10
27e0791f-5767-4877-b1e4-c80aceb86623,2,2026-08-11
27e0791f-5767-4877-b1e4-c80aceb86623,2,2026-08-12
27e0791f-5767-4877-b1e4-c80aceb86623,2,2026-08-13
27e0791f-5767-4877-b1e4-c80aceb86623,2,2026-08-14
27e0791f-5767-4877-b1e4-c80aceb86623,2,2026-08-15
27e0791f-5767-4877-b1e4-c80aceb86623,2,2026-08-16
27e0791f-5767-4877-b1e4-c80aceb86623,2,2026-08-17
27e0791f-5767-4877-b1e4-c80aceb86623,2,2026-08-18
27e0791f-5767-4877-b1e4-c80aceb86623,2,2026-08-19
27e0791f-5767-4877-b1e4-c80aceb86623,2,2026-08-20
299503c0-1a91-43dd-8b64-b2b35f44afd6,2,2025-07-21
299503c0-1a91-43dd-8b64-b2b35f44afd6,2,2025-07-22
299503c0-1a91-43dd-8b64-b2b35f44afd6,2,2025-07-23
299503c0-1a91-43dd-8b64-b2b35f44afd6,2,2025-07-24
299503c0-1a91-43dd-8b64-b2b35f44afd6,2,2025-07-25
299503c0-1a91-43dd-8b64-b2b35f44afd6,2,2025-07-26
299503c0-1a91-43dd-8b64-b2b35f44afd6,2,2025-07-27
299503c0-1a91-43dd-8b64-b2b35f44afd6,2,2025-07-28
299503c0-1a91-43dd-8b64-b2b35f44afd6,2,2025-07-29
299503c0-1a91-43dd-8b64-b2b35f44afd6,2,2025-07-30
299503c0-1a91-43dd-8b64-b2b35f44afd6,2,2025-07-31
299503c0-1a91-43dd-8b64-b2b35f44afd6,2,2025-08-01
299503c0-1a91-43dd-8b64-b2b35f44afd6,2,2025-08-02
299503c0-1a91-43dd-8b64-b2b35f44afd6,2,2026-03-24
299503c0-1a91-43dd-8b64-b2b35f44afd6,2,2026-06-06
299503c0-1a91-43dd-8b64-b2b35f44afd6,2,2026-06-07
299503c0-1a91-43dd-8b64-b2b35f44afd6,2,2026-07-01
299503c0-1a91-43dd-8b64-b2b35f44afd6,2,2026-07-02
299503c0-1a91-43dd-8b64-b2b35f44afd6,2,2026-07-03
299503c0-1a91-43dd-8b64-b2b35f44afd6,2,2026-07-04
299503c0-1a91-43dd-8b64-b2b35f44afd6,2,2026-07-05
299503c0-1a91-43dd-8b64-b2b35f44afd6,2,2026-07-06
299503c0-1a91-43dd-8b64-b2b35f44afd6,2,2026-07-07
299503c0-1a91-43dd-8b64-b2b35f44afd6,2,2026-07-08
299503c0-1a91-43dd-8b64-b2b35f44afd6,2,2026-07-09
299503c0-1a91-43dd-8b64-b2b35f44afd6,2,2026-07-10
299503c0-1a91-43dd-8b64-b2b35f44afd6,2,2026-07-11
299503c0-1a91-43dd-8b64-b2b35f44afd6,2,2026-07-12
299503c0-1a91-43dd-8b64-b2b35f44afd6,2,2026-07-13
299503c0-1a91-43dd-8b64-b2b35f44afd6,2,2026-07-14
299503c0-1a91-43dd-8b64-b2b35f44afd6,2,2026-07-15
2c075776-4fd8-49f3-b781-7842bd8156de,2,2025-05-04
2c075776-4fd8-49f3-b781-7842bd8156de,2,2025-05-05
2c075776-4fd8-49f3-b781-7842bd8156de,2,2025-05-06
2c075776-4fd8-49f3-b781-7842bd8156de,2,2025-05-07
2c075776-4fd8-49f3-b781-7842bd8156de,2,2025-05-08
2c075776-4fd8-49f3-b781-7842bd8156de,2,2025-10-13
2c075776-4fd8-49f3-b781-7842bd8156de,2,2025-10-14
38b41087-0565-4dea-8ddf-e3b522a14368,2,2024-05-27
38b41087-0565-4dea-8ddf-e3b522a14368,2,2025-07-05
38b41087-0565-4dea-8ddf-e3b522a14368,2,2025-07-06
38b41087-0565-4dea-8ddf-e3b522a14368,2,2025-07-07
38b41087-0565-4dea-8ddf-e3b522a14368,2,2025-07-08
38b41087-0565-4dea-8ddf-e3b522a14368,2,2025-07-09
38b41087-0565-4dea-8ddf-e3b522a14368,2,2025-07-10
38b41087-0565-4dea-8ddf-e3b522a14368,2,2025-07-11
38b41087-0565-4dea-8ddf-e3b522a14368,2,2025-07-12
38b41087-0565-4dea-8ddf-e3b522a14368,2,2025-08-02
38b41087-0565-4dea-8ddf-e3b522a14368,2,2025-08-03
38b41087-0565-4dea-8ddf-e3b522a14368,2,2025-08-04
38b41087-0565-4dea-8ddf-e3b522a14368,2,2025-08-05
38b41087-0565-4dea-8ddf-e3b522a14368,2,2025-08-06
38b41087-0565-4dea-8ddf-e3b522a14368,2,2025-08-07
38b41087-0565-4dea-8ddf-e3b522a14368,2,2025-08-08
38b41087-0565-4dea-8ddf-e3b522a14368,2,2025-08-09
38b41087-0565-4dea-8ddf-e3b522a14368,2,2025-08-10
38b41087-0565-4dea-8ddf-e3b522a14368,2,2025-08-11
38b41087-0565-4dea-8ddf-e3b522a14368,2,2025-08-12
38b41087-0565-4dea-8ddf-e3b522a14368,2,2025-08-15
38b41087-0565-4dea-8ddf-e3b522a14368,2,2025-08-16
38b41087-0565-4dea-8ddf-e3b522a14368,2,2025-09-01
38b41087-0565-4dea-8ddf-e3b522a14368,2,2025-09-02
38b41087-0565-4dea-8ddf-e3b522a14368,2,2025-09-03
38b41087-0565-4dea-8ddf-e3b522a14368,2,2025-09-04
38b41087-0565-4dea-8ddf-e3b522a14368,2,2025-09-05
38b41087-0565-4dea-8ddf-e3b522a14368,2,2025-09-06
38b41087-0565-4dea-8ddf-e3b522a14368,2,2025-09-07
38b41087-0565-4dea-8ddf-e3b522a14368,2,2025-12-17
38b41087-0565-4dea-8ddf-e3b522a14368,2,2026-03-15
38b41087-0565-4dea-8ddf-e3b522a14368,2,2026-03-17
38b41087-0565-4dea-8ddf-e3b522a14368,2,2026-05-09
38b41087-0565-4dea-8ddf-e3b522a14368,2,2026-05-19
38b41087-0565-4dea-8ddf-e3b522a14368,2,2026-07-05
38b41087-0565-4dea-8ddf-e3b522a14368,2,2026-07-06
38b41087-0565-4dea-8ddf-e3b522a14368,2,2026-07-07
38b41087-0565-4dea-8ddf-e3b522a14368,2,2026-07-08
38b41087-0565-4dea-8ddf-e3b522a14368,2,2026-07-09
38b41087-0565-4dea-8ddf-e3b522a14368,2,2026-07-10
38b41087-0565-4dea-8ddf-e3b522a14368,2,2026-07-11
38b41087-0565-4dea-8ddf-e3b522a14368,2,2026-07-12
38b41087-0565-4dea-8ddf-e3b522a14368,2,2026-08-23
38b41087-0565-4dea-8ddf-e3b522a14368,2,2026-08-24
38b41087-0565-4dea-8ddf-e3b522a14368,2,2026-08-25
38b41087-0565-4dea-8ddf-e3b522a14368,2,2026-08-26
38b41087-0565-4dea-8ddf-e3b522a14368,2,2026-08-27
38b41087-0565-4dea-8ddf-e3b522a14368,2,2026-08-28
38b41087-0565-4dea-8ddf-e3b522a14368,2,2026-08-29
38b41087-0565-4dea-8ddf-e3b522a14368,2,2026-08-30
413e6437-7712-4672-8d5f-80a6c94ef119,2,2025-07-28
413e6437-7712-4672-8d5f-80a6c94ef119,2,2025-07-29
413e6437-7712-4672-8d5f-80a6c94ef119,2,2025-07-30
413e6437-7712-4672-8d5f-80a6c94ef119,2,2025-07-31
413e6437-7712-4672-8d5f-80a6c94ef119,2,2025-08-01
413e6437-7712-4672-8d5f-80a6c94ef119,2,2025-08-02
413e6437-7712-4672-8d5f-80a6c94ef119,2,2025-08-03
413e6437-7712-4672-8d5f-80a6c94ef119,2,2025-08-04
413e6437-7712-4672-8d5f-80a6c94ef119,2,2025-08-05
413e6437-7712-4672-8d5f-80a6c94ef119,2,2025-08-06
413e6437-7712-4672-8d5f-80a6c94ef119,2,2025-08-07
413e6437-7712-4672-8d5f-80a6c94ef119,2,2025-08-08
413e6437-7712-4672-8d5f-80a6c94ef119,2,2025-08-09
413e6437-7712-4672-8d5f-80a6c94ef119,2,2025-08-10
413e6437-7712-4672-8d5f-80a6c94ef119,2,2025-11-22
413e6437-7712-4672-8d5f-80a6c94ef119,2,2025-11-23
413e6437-7712-4672-8d5f-80a6c94ef119,2,2025-11-24
413e6437-7712-4672-8d5f-80a6c94ef119,2,2025-11-25
413e6437-7712-4672-8d5f-80a6c94ef119,2,2025-11-26
413e6437-7712-4672-8d5f-80a6c94ef119,2,2025-11-27
413e6437-7712-4672-8d5f-80a6c94ef119,2,2025-11-28
413e6437-7712-4672-8d5f-80a6c94ef119,2,2025-11-29
413e6437-7712-4672-8d5f-80a6c94ef119,2,2025-11-30
413e6437-7712-4672-8d5f-80a6c94ef119,2,2025-12-12
413e6437-7712-4672-8d5f-80a6c94ef119,2,2025-12-13
413e6437-7712-4672-8d5f-80a6c94ef119,2,2025-12-14
413e6437-7712-4672-8d5f-80a6c94ef119,2,2025-12-24
413e6437-7712-4672-8d5f-80a6c94ef119,2,2025-12-27
413e6437-7712-4672-8d5f-80a6c94ef119,2,2025-12-28
413e6437-7712-4672-8d5f-80a6c94ef119,2,2026-01-24
413e6437-7712-4672-8d5f-80a6c94ef119,2,2026-01-25
413e6437-7712-4672-8d5f-80a6c94ef119,2,2026-01-26
413e6437-7712-4672-8d5f-80a6c94ef119,2,2026-01-27
413e6437-7712-4672-8d5f-80a6c94ef119,2,2026-01-28
413e6437-7712-4672-8d5f-80a6c94ef119,2,2026-01-29
413e6437-7712-4672-8d5f-80a6c94ef119,2,2026-01-30
413e6437-7712-4672-8d5f-80a6c94ef119,2,2026-01-31
413e6437-7712-4672-8d5f-80a6c94ef119,2,2026-05-01
413e6437-7712-4672-8d5f-80a6c94ef119,2,2026-05-02
413e6437-7712-4672-8d5f-80a6c94ef119,2,2026-05-03
43072b87-23d4-4ad6-88f8-7999ef3c86ca,2,2025-06-20
43072b87-23d4-4ad6-88f8-7999ef3c86ca,2,2025-06-21
43072b87-23d4-4ad6-88f8-7999ef3c86ca,2,2025-06-22
43072b87-23d4-4ad6-88f8-7999ef3c86ca,2,2025-06-23
43072b87-23d4-4ad6-88f8-7999ef3c86ca,2,2025-06-24
43072b87-23d4-4ad6-88f8-7999ef3c86ca,2,2025-06-25
43072b87-23d4-4ad6-88f8-7999ef3c86ca,2,2025-06-26
43072b87-23d4-4ad6-88f8-7999ef3c86ca,2,2025-06-27
43072b87-23d4-4ad6-88f8-7999ef3c86ca,2,2025-07-12
43072b87-23d4-4ad6-88f8-7999ef3c86ca,2,2025-07-13
43072b87-23d4-4ad6-88f8-7999ef3c86ca,2,2025-07-14
43072b87-23d4-4ad6-88f8-7999ef3c86ca,2,2025-07-15
43072b87-23d4-4ad6-88f8-7999ef3c86ca,2,2025-07-16
43072b87-23d4-4ad6-88f8-7999ef3c86ca,2,2025-07-17
43072b87-23d4-4ad6-88f8-7999ef3c86ca,2,2025-07-18
43072b87-23d4-4ad6-88f8-7999ef3c86ca,2,2025-07-19
43072b87-23d4-4ad6-88f8-7999ef3c86ca,2,2025-09-08
43072b87-23d4-4ad6-88f8-7999ef3c86ca,2,2025-09-09
43072b87-23d4-4ad6-88f8-7999ef3c86ca,2,2025-09-10
43072b87-23d4-4ad6-88f8-7999ef3c86ca,2,2025-09-11
43072b87-23d4-4ad6-88f8-7999ef3c86ca,2,2025-09-12
43072b87-23d4-4ad6-88f8-7999ef3c86ca,2,2025-09-13
43072b87-23d4-4ad6-88f8-7999ef3c86ca,2,2025-09-14
43072b87-23d4-4ad6-88f8-7999ef3c86ca,2,2025-09-15
43072b87-23d4-4ad6-88f8-7999ef3c86ca,2,2025-09-16
43072b87-23d4-4ad6-88f8-7999ef3c86ca,2,2025-09-17
43072b87-23d4-4ad6-88f8-7999ef3c86ca,2,2025-09-18
43072b87-23d4-4ad6-88f8-7999ef3c86ca,2,2025-09-19
43072b87-23d4-4ad6-88f8-7999ef3c86ca,2,2025-09-20
43072b87-23d4-4ad6-88f8-7999ef3c86ca,2,2025-09-21
43072b87-23d4-4ad6-88f8-7999ef3c86ca,2,2025-09-22
43072b87-23d4-4ad6-88f8-7999ef3c86ca,2,2025-09-23
43072b87-23d4-4ad6-88f8-7999ef3c86ca,2,2025-09-24
43072b87-23d4-4ad6-88f8-7999ef3c86ca,2,2025-12-09
43072b87-23d4-4ad6-88f8-7999ef3c86ca,2,2025-12-22
43072b87-23d4-4ad6-88f8-7999ef3c86ca,2,2025-12-23
43072b87-23d4-4ad6-88f8-7999ef3c86ca,2,2025-12-24
43072b87-23d4-4ad6-88f8-7999ef3c86ca,2,2025-12-25
43072b87-23d4-4ad6-88f8-7999ef3c86ca,2,2025-12-27
43072b87-23d4-4ad6-88f8-7999ef3c86ca,2,2025-12-28
43072b87-23d4-4ad6-88f8-7999ef3c86ca,2,2026-02-25
43072b87-23d4-4ad6-88f8-7999ef3c86ca,2,2026-03-09
43072b87-23d4-4ad6-88f8-7999ef3c86ca,2,2026-03-10
43072b87-23d4-4ad6-88f8-7999ef3c86ca,2,2026-03-11
43072b87-23d4-4ad6-88f8-7999ef3c86ca,2,2026-04-07
43072b87-23d4-4ad6-88f8-7999ef3c86ca,2,2026-04-28
43072b87-23d4-4ad6-88f8-7999ef3c86ca,2,2026-05-11
43072b87-23d4-4ad6-88f8-7999ef3c86ca,2,2026-05-12
43072b87-23d4-4ad6-88f8-7999ef3c86ca,2,2026-05-13
43072b87-23d4-4ad6-88f8-7999ef3c86ca,2,2026-05-14
43072b87-23d4-4ad6-88f8-7999ef3c86ca,2,2026-05-15
43072b87-23d4-4ad6-88f8-7999ef3c86ca,2,2026-05-16
43072b87-23d4-4ad6-88f8-7999ef3c86ca,2,2026-05-17
477951d3-95b8-4933-ad3b-ae6f86eafc55,2,2024-05-03
477951d3-95b8-4933-ad3b-ae6f86eafc55,2,2024-05-04
477951d3-95b8-4933-ad3b-ae6f86eafc55,2,2024-05-05
477951d3-95b8-4933-ad3b-ae6f86eafc55,2,2025-03-14
477951d3-95b8-4933-ad3b-ae6f86eafc55,2,2025-03-31
477951d3-95b8-4933-ad3b-ae6f86eafc55,2,2025-07-28
477951d3-95b8-4933-ad3b-ae6f86eafc55,2,2025-07-29
477951d3-95b8-4933-ad3b-ae6f86eafc55,2,2025-07-30
477951d3-95b8-4933-ad3b-ae6f86eafc55,2,2025-07-31
477951d3-95b8-4933-ad3b-ae6f86eafc55,2,2025-08-01
477951d3-95b8-4933-ad3b-ae6f86eafc55,2,2025-08-02
477951d3-95b8-4933-ad3b-ae6f86eafc55,2,2025-08-03
477951d3-95b8-4933-ad3b-ae6f86eafc55,2,2025-08-11
477951d3-95b8-4933-ad3b-ae6f86eafc55,2,2025-08-12
477951d3-95b8-4933-ad3b-ae6f86eafc55,2,2025-08-13
477951d3-95b8-4933-ad3b-ae6f86eafc55,2,2025-08-14
477951d3-95b8-4933-ad3b-ae6f86eafc55,2,2025-08-15
477951d3-95b8-4933-ad3b-ae6f86eafc55,2,2025-08-16
477951d3-95b8-4933-ad3b-ae6f86eafc55,2,2025-08-17
477951d3-95b8-4933-ad3b-ae6f86eafc55,2,2025-08-18
477951d3-95b8-4933-ad3b-ae6f86eafc55,2,2025-08-19
477951d3-95b8-4933-ad3b-ae6f86eafc55,2,2025-08-20
477951d3-95b8-4933-ad3b-ae6f86eafc55,2,2025-08-21
477951d3-95b8-4933-ad3b-ae6f86eafc55,2,2025-08-22
477951d3-95b8-4933-ad3b-ae6f86eafc55,2,2025-08-23
477951d3-95b8-4933-ad3b-ae6f86eafc55,2,2025-08-24
477951d3-95b8-4933-ad3b-ae6f86eafc55,2,2025-10-17
477951d3-95b8-4933-ad3b-ae6f86eafc55,2,2025-11-12
477951d3-95b8-4933-ad3b-ae6f86eafc55,2,2025-12-08
477951d3-95b8-4933-ad3b-ae6f86eafc55,2,2025-12-09
477951d3-95b8-4933-ad3b-ae6f86eafc55,2,2025-12-24
477951d3-95b8-4933-ad3b-ae6f86eafc55,2,2026-01-17
477951d3-95b8-4933-ad3b-ae6f86eafc55,2,2026-01-18
477951d3-95b8-4933-ad3b-ae6f86eafc55,2,2026-01-19
477951d3-95b8-4933-ad3b-ae6f86eafc55,2,2026-01-20
477951d3-95b8-4933-ad3b-ae6f86eafc55,2,2026-01-21
477951d3-95b8-4933-ad3b-ae6f86eafc55,2,2026-01-22
477951d3-95b8-4933-ad3b-ae6f86eafc55,2,2026-01-23
477951d3-95b8-4933-ad3b-ae6f86eafc55,2,2026-03-23
477951d3-95b8-4933-ad3b-ae6f86eafc55,2,2026-04-02
477951d3-95b8-4933-ad3b-ae6f86eafc55,2,2026-04-07
477951d3-95b8-4933-ad3b-ae6f86eafc55,2,2026-05-30
477951d3-95b8-4933-ad3b-ae6f86eafc55,2,2026-05-31
477951d3-95b8-4933-ad3b-ae6f86eafc55,2,2026-06-01
477951d3-95b8-4933-ad3b-ae6f86eafc55,2,2026-06-02
477951d3-95b8-4933-ad3b-ae6f86eafc55,2,2026-07-05
477951d3-95b8-4933-ad3b-ae6f86eafc55,2,2026-07-06
477951d3-95b8-4933-ad3b-ae6f86eafc55,2,2026-07-07
477951d3-95b8-4933-ad3b-ae6f86eafc55,2,2026-07-08
477951d3-95b8-4933-ad3b-ae6f86eafc55,2,2026-07-09
477951d3-95b8-4933-ad3b-ae6f86eafc55,2,2026-07-26
477951d3-95b8-4933-ad3b-ae6f86eafc55,2,2026-07-27
477951d3-95b8-4933-ad3b-ae6f86eafc55,2,2026-07-28
477951d3-95b8-4933-ad3b-ae6f86eafc55,2,2026-07-29
477951d3-95b8-4933-ad3b-ae6f86eafc55,2,2026-07-30
477951d3-95b8-4933-ad3b-ae6f86eafc55,2,2026-07-31
477951d3-95b8-4933-ad3b-ae6f86eafc55,2,2026-08-01
477951d3-95b8-4933-ad3b-ae6f86eafc55,2,2026-08-02
477951d3-95b8-4933-ad3b-ae6f86eafc55,2,2026-08-03
477951d3-95b8-4933-ad3b-ae6f86eafc55,2,2026-08-04
477951d3-95b8-4933-ad3b-ae6f86eafc55,2,2026-08-05
477951d3-95b8-4933-ad3b-ae6f86eafc55,2,2026-08-06
477951d3-95b8-4933-ad3b-ae6f86eafc55,2,2026-08-07
477951d3-95b8-4933-ad3b-ae6f86eafc55,2,2026-08-08
477951d3-95b8-4933-ad3b-ae6f86eafc55,2,2026-08-26
477951d3-95b8-4933-ad3b-ae6f86eafc55,2,2026-08-27
477951d3-95b8-4933-ad3b-ae6f86eafc55,2,2026-08-28
477951d3-95b8-4933-ad3b-ae6f86eafc55,2,2026-08-29
477951d3-95b8-4933-ad3b-ae6f86eafc55,2,2026-08-30
4afd5d07-d782-4b98-92cb-eea7ca0104bf,2,2025-03-27
4afd5d07-d782-4b98-92cb-eea7ca0104bf,2,2025-03-28
4afd5d07-d782-4b98-92cb-eea7ca0104bf,2,2025-03-29
4afd5d07-d782-4b98-92cb-eea7ca0104bf,2,2025-03-30
4afd5d07-d782-4b98-92cb-eea7ca0104bf,2,2025-03-31
4afd5d07-d782-4b98-92cb-eea7ca0104bf,2,2025-07-14
4afd5d07-d782-4b98-92cb-eea7ca0104bf,2,2025-07-15
4afd5d07-d782-4b98-92cb-eea7ca0104bf,2,2025-07-16
4afd5d07-d782-4b98-92cb-eea7ca0104bf,2,2025-07-17
4afd5d07-d782-4b98-92cb-eea7ca0104bf,2,2025-07-18
4afd5d07-d782-4b98-92cb-eea7ca0104bf,2,2025-07-19
4afd5d07-d782-4b98-92cb-eea7ca0104bf,2,2025-07-20
4afd5d07-d782-4b98-92cb-eea7ca0104bf,2,2025-07-21
4afd5d07-d782-4b98-92cb-eea7ca0104bf,2,2025-07-22
4afd5d07-d782-4b98-92cb-eea7ca0104bf,2,2025-07-23
4afd5d07-d782-4b98-92cb-eea7ca0104bf,2,2025-07-24
4afd5d07-d782-4b98-92cb-eea7ca0104bf,2,2025-07-25
4afd5d07-d782-4b98-92cb-eea7ca0104bf,2,2025-07-26
4afd5d07-d782-4b98-92cb-eea7ca0104bf,2,2025-07-27
4afd5d07-d782-4b98-92cb-eea7ca0104bf,2,2025-09-07
4afd5d07-d782-4b98-92cb-eea7ca0104bf,2,2025-09-08
4afd5d07-d782-4b98-92cb-eea7ca0104bf,2,2025-09-09
4afd5d07-d782-4b98-92cb-eea7ca0104bf,2,2025-09-10
4afd5d07-d782-4b98-92cb-eea7ca0104bf,2,2025-09-11
4afd5d07-d782-4b98-92cb-eea7ca0104bf,2,2025-10-27
4afd5d07-d782-4b98-92cb-eea7ca0104bf,2,2025-11-17
4afd5d07-d782-4b98-92cb-eea7ca0104bf,2,2025-11-18
4afd5d07-d782-4b98-92cb-eea7ca0104bf,2,2025-11-19
4afd5d07-d782-4b98-92cb-eea7ca0104bf,2,2025-11-20
4afd5d07-d782-4b98-92cb-eea7ca0104bf,2,2025-11-21
4afd5d07-d782-4b98-92cb-eea7ca0104bf,2,2025-11-22
4afd5d07-d782-4b98-92cb-eea7ca0104bf,2,2025-11-23
4afd5d07-d782-4b98-92cb-eea7ca0104bf,2,2025-11-24
4afd5d07-d782-4b98-92cb-eea7ca0104bf,2,2025-11-25
4afd5d07-d782-4b98-92cb-eea7ca0104bf,2,2025-11-26
4afd5d07-d782-4b98-92cb-eea7ca0104bf,2,2025-11-27
4afd5d07-d782-4b98-92cb-eea7ca0104bf,2,2025-11-28
4afd5d07-d782-4b98-92cb-eea7ca0104bf,2,2025-11-29
4afd5d07-d782-4b98-92cb-eea7ca0104bf,2,2025-11-30
4afd5d07-d782-4b98-92cb-eea7ca0104bf,2,2025-12-01
4afd5d07-d782-4b98-92cb-eea7ca0104bf,2,2025-12-02
4afd5d07-d782-4b98-92cb-eea7ca0104bf,2,2025-12-03
4afd5d07-d782-4b98-92cb-eea7ca0104bf,2,2025-12-04
4afd5d07-d782-4b98-92cb-eea7ca0104bf,2,2025-12-05
4afd5d07-d782-4b98-92cb-eea7ca0104bf,2,2025-12-06
4afd5d07-d782-4b98-92cb-eea7ca0104bf,2,2025-12-07
4afd5d07-d782-4b98-92cb-eea7ca0104bf,2,2026-05-22
4afd5d07-d782-4b98-92cb-eea7ca0104bf,2,2026-05-23
4afd5d07-d782-4b98-92cb-eea7ca0104bf,2,2026-05-24
4afd5d07-d782-4b98-92cb-eea7ca0104bf,2,2026-07-27
4afd5d07-d782-4b98-92cb-eea7ca0104bf,2,2026-07-28
4afd5d07-d782-4b98-92cb-eea7ca0104bf,2,2026-07-29
4afd5d07-d782-4b98-92cb-eea7ca0104bf,2,2026-07-30
4afd5d07-d782-4b98-92cb-eea7ca0104bf,2,2026-07-31
4afd5d07-d782-4b98-92cb-eea7ca0104bf,2,2026-08-01
4afd5d07-d782-4b98-92cb-eea7ca0104bf,2,2026-08-02
4afd5d07-d782-4b98-92cb-eea7ca0104bf,2,2026-08-03
4afd5d07-d782-4b98-92cb-eea7ca0104bf,2,2026-08-04
4afd5d07-d782-4b98-92cb-eea7ca0104bf,2,2026-08-05
4afd5d07-d782-4b98-92cb-eea7ca0104bf,2,2026-08-06
4afd5d07-d782-4b98-92cb-eea7ca0104bf,2,2026-08-07
4afd5d07-d782-4b98-92cb-eea7ca0104bf,2,2026-08-08
4afd5d07-d782-4b98-92cb-eea7ca0104bf,2,2026-08-09
4d71f5cd-5e03-4e0e-b17d-593586b88b99,2,2025-02-14
4d71f5cd-5e03-4e0e-b17d-593586b88b99,2,2025-04-21
4d71f5cd-5e03-4e0e-b17d-593586b88b99,2,2025-04-22
4d71f5cd-5e03-4e0e-b17d-593586b88b99,2,2025-04-23
4d71f5cd-5e03-4e0e-b17d-593586b88b99,2,2025-04-24
4d71f5cd-5e03-4e0e-b17d-593586b88b99,2,2025-04-25
4d71f5cd-5e03-4e0e-b17d-593586b88b99,2,2025-04-26
4d71f5cd-5e03-4e0e-b17d-593586b88b99,2,2025-04-27
4d71f5cd-5e03-4e0e-b17d-593586b88b99,2,2025-06-07
4d71f5cd-5e03-4e0e-b17d-593586b88b99,2,2025-06-08
4d71f5cd-5e03-4e0e-b17d-593586b88b99,2,2025-06-22
4d71f5cd-5e03-4e0e-b17d-593586b88b99,2,2025-06-30
4d71f5cd-5e03-4e0e-b17d-593586b88b99,2,2025-07-01
4d71f5cd-5e03-4e0e-b17d-593586b88b99,2,2025-07-02
4d71f5cd-5e03-4e0e-b17d-593586b88b99,2,2025-07-03
4d71f5cd-5e03-4e0e-b17d-593586b88b99,2,2025-07-04
4d71f5cd-5e03-4e0e-b17d-593586b88b99,2,2025-07-05
4d71f5cd-5e03-4e0e-b17d-593586b88b99,2,2025-07-06
4d71f5cd-5e03-4e0e-b17d-593586b88b99,2,2025-08-04
4d71f5cd-5e03-4e0e-b17d-593586b88b99,2,2025-08-05
4d71f5cd-5e03-4e0e-b17d-593586b88b99,2,2025-08-06
4d71f5cd-5e03-4e0e-b17d-593586b88b99,2,2025-08-07
4d71f5cd-5e03-4e0e-b17d-593586b88b99,2,2025-08-08
4d71f5cd-5e03-4e0e-b17d-593586b88b99,2,2025-08-09
4d71f5cd-5e03-4e0e-b17d-593586b88b99,2,2025-08-10
4d71f5cd-5e03-4e0e-b17d-593586b88b99,2,2025-08-11
4d71f5cd-5e03-4e0e-b17d-593586b88b99,2,2025-08-12
4d71f5cd-5e03-4e0e-b17d-593586b88b99,2,2025-08-13
4d71f5cd-5e03-4e0e-b17d-593586b88b99,2,2025-08-14
4d71f5cd-5e03-4e0e-b17d-593586b88b99,2,2025-08-15
4d71f5cd-5e03-4e0e-b17d-593586b88b99,2,2025-08-16
4d71f5cd-5e03-4e0e-b17d-593586b88b99,2,2025-08-17
4d71f5cd-5e03-4e0e-b17d-593586b88b99,2,2025-08-18
4d71f5cd-5e03-4e0e-b17d-593586b88b99,2,2025-08-19
4d71f5cd-5e03-4e0e-b17d-593586b88b99,3,2025-11-09
4d71f5cd-5e03-4e0e-b17d-593586b88b99,2,2025-12-03
4d71f5cd-5e03-4e0e-b17d-593586b88b99,2,2025-12-07
4d71f5cd-5e03-4e0e-b17d-593586b88b99,2,2025-12-25
4d71f5cd-5e03-4e0e-b17d-593586b88b99,2,2025-12-27
4d71f5cd-5e03-4e0e-b17d-593586b88b99,2,2025-12-28
4d71f5cd-5e03-4e0e-b17d-593586b88b99,2,2025-12-29
4d71f5cd-5e03-4e0e-b17d-593586b88b99,2,2025-12-30
4d71f5cd-5e03-4e0e-b17d-593586b88b99,2,2026-02-25
4d71f5cd-5e03-4e0e-b17d-593586b88b99,2,2026-03-20
4d71f5cd-5e03-4e0e-b17d-593586b88b99,2,2026-03-21
4d71f5cd-5e03-4e0e-b17d-593586b88b99,2,2026-03-22
4d71f5cd-5e03-4e0e-b17d-593586b88b99,2,2026-03-23
4d71f5cd-5e03-4e0e-b17d-593586b88b99,2,2026-03-24
4d71f5cd-5e03-4e0e-b17d-593586b88b99,2,2026-04-06
4d71f5cd-5e03-4e0e-b17d-593586b88b99,2,2026-04-07
4d71f5cd-5e03-4e0e-b17d-593586b88b99,2,2026-05-08
4d71f5cd-5e03-4e0e-b17d-593586b88b99,2,2026-05-23
4d71f5cd-5e03-4e0e-b17d-593586b88b99,2,2026-05-24
4da65404-40f7-408c-8831-dec60d86d60b,2,2025-04-24
4da65404-40f7-408c-8831-dec60d86d60b,2,2025-04-25
4da65404-40f7-408c-8831-dec60d86d60b,2,2025-04-26
4da65404-40f7-408c-8831-dec60d86d60b,2,2025-04-27
4da65404-40f7-408c-8831-dec60d86d60b,2,2025-06-30
4da65404-40f7-408c-8831-dec60d86d60b,2,2025-07-01
4da65404-40f7-408c-8831-dec60d86d60b,2,2025-07-02
4da65404-40f7-408c-8831-dec60d86d60b,2,2025-07-03
4da65404-40f7-408c-8831-dec60d86d60b,2,2025-07-04
4da65404-40f7-408c-8831-dec60d86d60b,2,2025-08-17
4da65404-40f7-408c-8831-dec60d86d60b,2,2025-08-18
4da65404-40f7-408c-8831-dec60d86d60b,2,2025-08-19
4da65404-40f7-408c-8831-dec60d86d60b,2,2025-08-20
4da65404-40f7-408c-8831-dec60d86d60b,2,2025-08-21
4da65404-40f7-408c-8831-dec60d86d60b,2,2025-08-22
4da65404-40f7-408c-8831-dec60d86d60b,2,2025-08-23
4da65404-40f7-408c-8831-dec60d86d60b,2,2025-08-24
4da65404-40f7-408c-8831-dec60d86d60b,2,2025-08-25
4da65404-40f7-408c-8831-dec60d86d60b,2,2025-08-26
4da65404-40f7-408c-8831-dec60d86d60b,2,2025-08-27
4da65404-40f7-408c-8831-dec60d86d60b,2,2025-08-28
4da65404-40f7-408c-8831-dec60d86d60b,2,2025-08-29
4da65404-40f7-408c-8831-dec60d86d60b,2,2025-08-30
4da65404-40f7-408c-8831-dec60d86d60b,2,2025-08-31
4da65404-40f7-408c-8831-dec60d86d60b,2,2025-09-01
4da65404-40f7-408c-8831-dec60d86d60b,2,2025-09-02
4da65404-40f7-408c-8831-dec60d86d60b,2,2025-09-03
4da65404-40f7-408c-8831-dec60d86d60b,2,2025-09-11
4da65404-40f7-408c-8831-dec60d86d60b,2,2025-09-12
4da65404-40f7-408c-8831-dec60d86d60b,2,2025-09-13
4da65404-40f7-408c-8831-dec60d86d60b,2,2025-09-14
4da65404-40f7-408c-8831-dec60d86d60b,2,2025-12-15
4da65404-40f7-408c-8831-dec60d86d60b,2,2025-12-16
4da65404-40f7-408c-8831-dec60d86d60b,2,2025-12-17
4da65404-40f7-408c-8831-dec60d86d60b,2,2026-01-02
4da65404-40f7-408c-8831-dec60d86d60b,2,2026-01-04
4da65404-40f7-408c-8831-dec60d86d60b,2,2026-01-05
4da65404-40f7-408c-8831-dec60d86d60b,2,2026-01-06
4da65404-40f7-408c-8831-dec60d86d60b,2,2026-02-08
4da65404-40f7-408c-8831-dec60d86d60b,2,2026-02-09
4da65404-40f7-408c-8831-dec60d86d60b,2,2026-02-10
4da65404-40f7-408c-8831-dec60d86d60b,2,2026-02-11
4da65404-40f7-408c-8831-dec60d86d60b,2,2026-02-12
4da65404-40f7-408c-8831-dec60d86d60b,2,2026-02-13
4da65404-40f7-408c-8831-dec60d86d60b,2,2026-02-14
4da65404-40f7-408c-8831-dec60d86d60b,2,2026-02-15
4da65404-40f7-408c-8831-dec60d86d60b,2,2026-04-09
4da65404-40f7-408c-8831-dec60d86d60b,2,2026-05-13
4da65404-40f7-408c-8831-dec60d86d60b,2,2026-05-14
4da65404-40f7-408c-8831-dec60d86d60b,2,2026-05-15
4da65404-40f7-408c-8831-dec60d86d60b,2,2026-05-16
4da65404-40f7-408c-8831-dec60d86d60b,2,2026-05-17
51d48681-ace3-4be0-be3f-785f2a8ee280,2,2026-03-30
51d48681-ace3-4be0-be3f-785f2a8ee280,2,2026-03-31
51d48681-ace3-4be0-be3f-785f2a8ee280,2,2026-04-01
57f57d9a-735a-4bcc-afb6-f2799bd738a4,2,2025-05-01
57f57d9a-735a-4bcc-afb6-f2799bd738a4,2,2025-05-02
57f57d9a-735a-4bcc-afb6-f2799bd738a4,2,2025-05-03
57f57d9a-735a-4bcc-afb6-f2799bd738a4,2,2025-05-04
57f57d9a-735a-4bcc-afb6-f2799bd738a4,2,2025-05-31
57f57d9a-735a-4bcc-afb6-f2799bd738a4,2,2025-06-01
57f57d9a-735a-4bcc-afb6-f2799bd738a4,2,2025-06-02
57f57d9a-735a-4bcc-afb6-f2799bd738a4,2,2025-07-07
57f57d9a-735a-4bcc-afb6-f2799bd738a4,2,2025-07-08
57f57d9a-735a-4bcc-afb6-f2799bd738a4,2,2025-07-09
57f57d9a-735a-4bcc-afb6-f2799bd738a4,2,2025-07-10
57f57d9a-735a-4bcc-afb6-f2799bd738a4,2,2025-07-11
57f57d9a-735a-4bcc-afb6-f2799bd738a4,2,2025-07-12
57f57d9a-735a-4bcc-afb6-f2799bd738a4,2,2025-07-13
57f57d9a-735a-4bcc-afb6-f2799bd738a4,2,2025-07-14
57f57d9a-735a-4bcc-afb6-f2799bd738a4,2,2025-07-15
57f57d9a-735a-4bcc-afb6-f2799bd738a4,2,2025-07-16
57f57d9a-735a-4bcc-afb6-f2799bd738a4,2,2025-07-17
57f57d9a-735a-4bcc-afb6-f2799bd738a4,2,2025-07-18
57f57d9a-735a-4bcc-afb6-f2799bd738a4,2,2025-07-19
57f57d9a-735a-4bcc-afb6-f2799bd738a4,2,2025-07-20
57f57d9a-735a-4bcc-afb6-f2799bd738a4,2,2025-10-27
57f57d9a-735a-4bcc-afb6-f2799bd738a4,2,2025-10-28
57f57d9a-735a-4bcc-afb6-f2799bd738a4,2,2025-10-29
57f57d9a-735a-4bcc-afb6-f2799bd738a4,2,2025-10-30
57f57d9a-735a-4bcc-afb6-f2799bd738a4,2,2025-10-31
57f57d9a-735a-4bcc-afb6-f2799bd738a4,2,2025-11-01
57f57d9a-735a-4bcc-afb6-f2799bd738a4,2,2025-11-02
57f57d9a-735a-4bcc-afb6-f2799bd738a4,2,2025-11-03
57f57d9a-735a-4bcc-afb6-f2799bd738a4,2,2025-11-04
57f57d9a-735a-4bcc-afb6-f2799bd738a4,2,2025-11-05
57f57d9a-735a-4bcc-afb6-f2799bd738a4,2,2025-11-06
57f57d9a-735a-4bcc-afb6-f2799bd738a4,2,2025-11-07
57f57d9a-735a-4bcc-afb6-f2799bd738a4,2,2025-11-08
57f57d9a-735a-4bcc-afb6-f2799bd738a4,2,2025-11-09
57f57d9a-735a-4bcc-afb6-f2799bd738a4,2,2026-01-01
57f57d9a-735a-4bcc-afb6-f2799bd738a4,2,2026-01-02
57f57d9a-735a-4bcc-afb6-f2799bd738a4,2,2026-01-03
57f57d9a-735a-4bcc-afb6-f2799bd738a4,2,2026-02-13
57f57d9a-735a-4bcc-afb6-f2799bd738a4,2,2026-02-14
57f57d9a-735a-4bcc-afb6-f2799bd738a4,2,2026-02-15
57f57d9a-735a-4bcc-afb6-f2799bd738a4,2,2026-02-16
57f57d9a-735a-4bcc-afb6-f2799bd738a4,2,2026-03-25
57f57d9a-735a-4bcc-afb6-f2799bd738a4,2,2026-03-26
57f57d9a-735a-4bcc-afb6-f2799bd738a4,2,2026-04-27
57f57d9a-735a-4bcc-afb6-f2799bd738a4,2,2026-04-28
57f57d9a-735a-4bcc-afb6-f2799bd738a4,2,2026-04-29
57f57d9a-735a-4bcc-afb6-f2799bd738a4,2,2026-04-30
57f57d9a-735a-4bcc-afb6-f2799bd738a4,2,2026-05-01
57f57d9a-735a-4bcc-afb6-f2799bd738a4,2,2026-05-02
57f57d9a-735a-4bcc-afb6-f2799bd738a4,2,2026-05-03
57f57d9a-735a-4bcc-afb6-f2799bd738a4,2,2026-05-14
57f57d9a-735a-4bcc-afb6-f2799bd738a4,2,2026-07-18
57f57d9a-735a-4bcc-afb6-f2799bd738a4,2,2026-07-19
57f57d9a-735a-4bcc-afb6-f2799bd738a4,2,2026-07-20
57f57d9a-735a-4bcc-afb6-f2799bd738a4,2,2026-07-21
57f57d9a-735a-4bcc-afb6-f2799bd738a4,2,2026-07-22
57f57d9a-735a-4bcc-afb6-f2799bd738a4,2,2026-07-23
57f57d9a-735a-4bcc-afb6-f2799bd738a4,2,2026-07-24
57f57d9a-735a-4bcc-afb6-f2799bd738a4,2,2026-07-25
57f57d9a-735a-4bcc-afb6-f2799bd738a4,2,2026-07-26
57f57d9a-735a-4bcc-afb6-f2799bd738a4,2,2026-09-07
57f57d9a-735a-4bcc-afb6-f2799bd738a4,2,2026-09-08
57f57d9a-735a-4bcc-afb6-f2799bd738a4,2,2026-09-09
57f57d9a-735a-4bcc-afb6-f2799bd738a4,2,2026-09-10
57f57d9a-735a-4bcc-afb6-f2799bd738a4,2,2026-09-11
57f57d9a-735a-4bcc-afb6-f2799bd738a4,2,2026-09-12
57f57d9a-735a-4bcc-afb6-f2799bd738a4,2,2026-09-13
6548dfd4-e2fb-4d11-8745-1f62d8dd322c,2,2025-05-29
6548dfd4-e2fb-4d11-8745-1f62d8dd322c,2,2025-05-30
6548dfd4-e2fb-4d11-8745-1f62d8dd322c,2,2025-05-31
6548dfd4-e2fb-4d11-8745-1f62d8dd322c,2,2025-06-01
6548dfd4-e2fb-4d11-8745-1f62d8dd322c,2,2025-06-02
6548dfd4-e2fb-4d11-8745-1f62d8dd322c,2,2025-06-03
6548dfd4-e2fb-4d11-8745-1f62d8dd322c,2,2025-06-04
6548dfd4-e2fb-4d11-8745-1f62d8dd322c,2,2025-06-05
6548dfd4-e2fb-4d11-8745-1f62d8dd322c,2,2025-06-06
6548dfd4-e2fb-4d11-8745-1f62d8dd322c,2,2025-06-07
6548dfd4-e2fb-4d11-8745-1f62d8dd322c,2,2025-06-08
6548dfd4-e2fb-4d11-8745-1f62d8dd322c,2,2025-06-09
6548dfd4-e2fb-4d11-8745-1f62d8dd322c,2,2025-06-10
6548dfd4-e2fb-4d11-8745-1f62d8dd322c,2,2025-06-11
6548dfd4-e2fb-4d11-8745-1f62d8dd322c,2,2025-06-12
6548dfd4-e2fb-4d11-8745-1f62d8dd322c,2,2025-06-13
6548dfd4-e2fb-4d11-8745-1f62d8dd322c,2,2025-10-04
6548dfd4-e2fb-4d11-8745-1f62d8dd322c,2,2026-01-23
6548dfd4-e2fb-4d11-8745-1f62d8dd322c,2,2026-01-24
6548dfd4-e2fb-4d11-8745-1f62d8dd322c,2,2026-01-26
6548dfd4-e2fb-4d11-8745-1f62d8dd322c,2,2026-02-05
6548dfd4-e2fb-4d11-8745-1f62d8dd322c,2,2026-02-06
6548dfd4-e2fb-4d11-8745-1f62d8dd322c,2,2026-02-07
6548dfd4-e2fb-4d11-8745-1f62d8dd322c,2,2026-02-09
6548dfd4-e2fb-4d11-8745-1f62d8dd322c,2,2026-03-09
6548dfd4-e2fb-4d11-8745-1f62d8dd322c,2,2026-03-10
6548dfd4-e2fb-4d11-8745-1f62d8dd322c,2,2026-03-11
6548dfd4-e2fb-4d11-8745-1f62d8dd322c,2,2026-03-12
6548dfd4-e2fb-4d11-8745-1f62d8dd322c,2,2026-03-13
6663d684-ce88-47ff-a4f7-e40d3b82a13f,2,2025-04-26
6663d684-ce88-47ff-a4f7-e40d3b82a13f,2,2025-04-27
6663d684-ce88-47ff-a4f7-e40d3b82a13f,2,2025-04-28
6663d684-ce88-47ff-a4f7-e40d3b82a13f,2,2025-04-29
6663d684-ce88-47ff-a4f7-e40d3b82a13f,2,2025-04-30
6663d684-ce88-47ff-a4f7-e40d3b82a13f,2,2025-05-17
6663d684-ce88-47ff-a4f7-e40d3b82a13f,2,2025-05-18
6663d684-ce88-47ff-a4f7-e40d3b82a13f,2,2025-07-14
6663d684-ce88-47ff-a4f7-e40d3b82a13f,2,2025-07-15
6663d684-ce88-47ff-a4f7-e40d3b82a13f,2,2025-07-16
6663d684-ce88-47ff-a4f7-e40d3b82a13f,2,2025-07-17
6663d684-ce88-47ff-a4f7-e40d3b82a13f,2,2025-07-18
6663d684-ce88-47ff-a4f7-e40d3b82a13f,2,2025-07-19
6663d684-ce88-47ff-a4f7-e40d3b82a13f,2,2025-07-20
6663d684-ce88-47ff-a4f7-e40d3b82a13f,2,2025-07-21
6663d684-ce88-47ff-a4f7-e40d3b82a13f,2,2025-07-22
6663d684-ce88-47ff-a4f7-e40d3b82a13f,2,2025-07-23
6663d684-ce88-47ff-a4f7-e40d3b82a13f,2,2025-09-01
6663d684-ce88-47ff-a4f7-e40d3b82a13f,2,2025-09-02
6663d684-ce88-47ff-a4f7-e40d3b82a13f,2,2025-09-03
6663d684-ce88-47ff-a4f7-e40d3b82a13f,2,2025-09-04
6663d684-ce88-47ff-a4f7-e40d3b82a13f,2,2025-09-05
6663d684-ce88-47ff-a4f7-e40d3b82a13f,2,2025-09-06
6663d684-ce88-47ff-a4f7-e40d3b82a13f,2,2025-09-07
6663d684-ce88-47ff-a4f7-e40d3b82a13f,2,2025-09-08
6663d684-ce88-47ff-a4f7-e40d3b82a13f,2,2025-09-09
6663d684-ce88-47ff-a4f7-e40d3b82a13f,2,2025-09-10
6663d684-ce88-47ff-a4f7-e40d3b82a13f,2,2025-09-26
6663d684-ce88-47ff-a4f7-e40d3b82a13f,2,2025-11-01
6663d684-ce88-47ff-a4f7-e40d3b82a13f,2,2025-11-02
6663d684-ce88-47ff-a4f7-e40d3b82a13f,2,2025-11-03
6663d684-ce88-47ff-a4f7-e40d3b82a13f,2,2025-12-06
6663d684-ce88-47ff-a4f7-e40d3b82a13f,2,2025-12-07
6663d684-ce88-47ff-a4f7-e40d3b82a13f,2,2025-12-08
6663d684-ce88-47ff-a4f7-e40d3b82a13f,2,2025-12-09
6663d684-ce88-47ff-a4f7-e40d3b82a13f,2,2025-12-10
6663d684-ce88-47ff-a4f7-e40d3b82a13f,2,2025-12-11
6663d684-ce88-47ff-a4f7-e40d3b82a13f,2,2025-12-12
6663d684-ce88-47ff-a4f7-e40d3b82a13f,2,2025-12-13
6663d684-ce88-47ff-a4f7-e40d3b82a13f,2,2025-12-14
6663d684-ce88-47ff-a4f7-e40d3b82a13f,2,2025-12-15
6663d684-ce88-47ff-a4f7-e40d3b82a13f,2,2026-01-01
6663d684-ce88-47ff-a4f7-e40d3b82a13f,2,2026-01-02
6663d684-ce88-47ff-a4f7-e40d3b82a13f,2,2026-01-03
6663d684-ce88-47ff-a4f7-e40d3b82a13f,2,2026-01-16
6663d684-ce88-47ff-a4f7-e40d3b82a13f,2,2026-01-17
6663d684-ce88-47ff-a4f7-e40d3b82a13f,2,2026-01-18
6663d684-ce88-47ff-a4f7-e40d3b82a13f,2,2026-02-10
6663d684-ce88-47ff-a4f7-e40d3b82a13f,2,2026-02-11
6663d684-ce88-47ff-a4f7-e40d3b82a13f,2,2026-02-12
6663d684-ce88-47ff-a4f7-e40d3b82a13f,2,2026-02-13
6663d684-ce88-47ff-a4f7-e40d3b82a13f,2,2026-02-14
6663d684-ce88-47ff-a4f7-e40d3b82a13f,2,2026-02-15
6663d684-ce88-47ff-a4f7-e40d3b82a13f,2,2026-02-16
6663d684-ce88-47ff-a4f7-e40d3b82a13f,2,2026-03-25
6663d684-ce88-47ff-a4f7-e40d3b82a13f,2,2026-03-26
6663d684-ce88-47ff-a4f7-e40d3b82a13f,2,2026-04-15
6663d684-ce88-47ff-a4f7-e40d3b82a13f,2,2026-04-16
6663d684-ce88-47ff-a4f7-e40d3b82a13f,2,2026-04-17
6663d684-ce88-47ff-a4f7-e40d3b82a13f,2,2026-04-18
6663d684-ce88-47ff-a4f7-e40d3b82a13f,2,2026-04-19
6663d684-ce88-47ff-a4f7-e40d3b82a13f,2,2026-05-13
6663d684-ce88-47ff-a4f7-e40d3b82a13f,2,2026-05-14
6663d684-ce88-47ff-a4f7-e40d3b82a13f,2,2026-05-20
6663d684-ce88-47ff-a4f7-e40d3b82a13f,2,2026-05-21
6663d684-ce88-47ff-a4f7-e40d3b82a13f,2,2026-05-22
6663d684-ce88-47ff-a4f7-e40d3b82a13f,2,2026-05-23
6663d684-ce88-47ff-a4f7-e40d3b82a13f,2,2026-05-24
6663d684-ce88-47ff-a4f7-e40d3b82a13f,2,2026-05-31
6663d684-ce88-47ff-a4f7-e40d3b82a13f,2,2026-06-01
6663d684-ce88-47ff-a4f7-e40d3b82a13f,2,2026-06-02
6663d684-ce88-47ff-a4f7-e40d3b82a13f,2,2026-07-26
6663d684-ce88-47ff-a4f7-e40d3b82a13f,2,2026-07-27
6663d684-ce88-47ff-a4f7-e40d3b82a13f,2,2026-07-28
6663d684-ce88-47ff-a4f7-e40d3b82a13f,2,2026-07-29
6663d684-ce88-47ff-a4f7-e40d3b82a13f,2,2026-07-30
6663d684-ce88-47ff-a4f7-e40d3b82a13f,2,2026-07-31
6663d684-ce88-47ff-a4f7-e40d3b82a13f,2,2026-08-01
6663d684-ce88-47ff-a4f7-e40d3b82a13f,2,2026-08-02
6663d684-ce88-47ff-a4f7-e40d3b82a13f,2,2026-08-03
6663d684-ce88-47ff-a4f7-e40d3b82a13f,2,2026-08-04
6663d684-ce88-47ff-a4f7-e40d3b82a13f,2,2026-08-05
6663d684-ce88-47ff-a4f7-e40d3b82a13f,2,2026-08-06
6663d684-ce88-47ff-a4f7-e40d3b82a13f,2,2026-08-07
6663d684-ce88-47ff-a4f7-e40d3b82a13f,2,2026-08-08
6663d684-ce88-47ff-a4f7-e40d3b82a13f,2,2026-08-09
6663d684-ce88-47ff-a4f7-e40d3b82a13f,2,2026-08-10
6663d684-ce88-47ff-a4f7-e40d3b82a13f,2,2026-08-11
6663d684-ce88-47ff-a4f7-e40d3b82a13f,2,2026-09-07
6663d684-ce88-47ff-a4f7-e40d3b82a13f,2,2026-09-08
6663d684-ce88-47ff-a4f7-e40d3b82a13f,2,2026-09-09
6663d684-ce88-47ff-a4f7-e40d3b82a13f,2,2026-09-10
6663d684-ce88-47ff-a4f7-e40d3b82a13f,2,2026-09-11
6663d684-ce88-47ff-a4f7-e40d3b82a13f,2,2026-09-12
6663d684-ce88-47ff-a4f7-e40d3b82a13f,2,2026-09-13
66d45786-61fa-43a9-af9f-7a5341abfc6e,3,2025-02-12
66d45786-61fa-43a9-af9f-7a5341abfc6e,3,2025-02-18
66d45786-61fa-43a9-af9f-7a5341abfc6e,3,2025-02-19
66d45786-61fa-43a9-af9f-7a5341abfc6e,2,2025-03-03
66d45786-61fa-43a9-af9f-7a5341abfc6e,2,2025-03-04
66d45786-61fa-43a9-af9f-7a5341abfc6e,2,2025-03-05
66d45786-61fa-43a9-af9f-7a5341abfc6e,2,2025-03-06
66d45786-61fa-43a9-af9f-7a5341abfc6e,2,2025-08-11
66d45786-61fa-43a9-af9f-7a5341abfc6e,2,2025-08-12
66d45786-61fa-43a9-af9f-7a5341abfc6e,2,2025-12-29
66d45786-61fa-43a9-af9f-7a5341abfc6e,2,2025-12-30
66d45786-61fa-43a9-af9f-7a5341abfc6e,2,2025-12-31
66d45786-61fa-43a9-af9f-7a5341abfc6e,2,2026-01-02
66d45786-61fa-43a9-af9f-7a5341abfc6e,2,2026-01-03
66d45786-61fa-43a9-af9f-7a5341abfc6e,2,2026-03-09
66d45786-61fa-43a9-af9f-7a5341abfc6e,2,2026-03-10
66d45786-61fa-43a9-af9f-7a5341abfc6e,2,2026-03-11
66d45786-61fa-43a9-af9f-7a5341abfc6e,2,2026-03-12
66d45786-61fa-43a9-af9f-7a5341abfc6e,2,2026-03-13
730acd68-bb73-4257-a670-dc3ab1bb6074,2,2026-02-20
730acd68-bb73-4257-a670-dc3ab1bb6074,2,2026-03-25
730acd68-bb73-4257-a670-dc3ab1bb6074,2,2026-05-30
730acd68-bb73-4257-a670-dc3ab1bb6074,2,2026-05-31
730acd68-bb73-4257-a670-dc3ab1bb6074,2,2026-06-01
730acd68-bb73-4257-a670-dc3ab1bb6074,2,2026-06-02
730acd68-bb73-4257-a670-dc3ab1bb6074,2,2026-08-29
730acd68-bb73-4257-a670-dc3ab1bb6074,2,2026-08-30
730acd68-bb73-4257-a670-dc3ab1bb6074,2,2026-08-31
730acd68-bb73-4257-a670-dc3ab1bb6074,2,2026-09-01
730acd68-bb73-4257-a670-dc3ab1bb6074,2,2026-09-02
730acd68-bb73-4257-a670-dc3ab1bb6074,2,2026-09-03
730acd68-bb73-4257-a670-dc3ab1bb6074,2,2026-09-04
730acd68-bb73-4257-a670-dc3ab1bb6074,2,2026-09-05
78732633-0af4-4912-9602-d3923d7c10d0,2,2024-12-30
78732633-0af4-4912-9602-d3923d7c10d0,2,2024-12-31
78732633-0af4-4912-9602-d3923d7c10d0,2,2025-01-01
78732633-0af4-4912-9602-d3923d7c10d0,2,2025-01-02
78732633-0af4-4912-9602-d3923d7c10d0,2,2025-01-03
78732633-0af4-4912-9602-d3923d7c10d0,2,2025-05-01
78732633-0af4-4912-9602-d3923d7c10d0,2,2025-05-02
78732633-0af4-4912-9602-d3923d7c10d0,2,2025-05-03
78732633-0af4-4912-9602-d3923d7c10d0,2,2025-05-04
78732633-0af4-4912-9602-d3923d7c10d0,2,2025-06-21
78732633-0af4-4912-9602-d3923d7c10d0,2,2025-06-22
78732633-0af4-4912-9602-d3923d7c10d0,2,2025-06-23
78732633-0af4-4912-9602-d3923d7c10d0,2,2025-06-24
78732633-0af4-4912-9602-d3923d7c10d0,2,2025-06-25
78732633-0af4-4912-9602-d3923d7c10d0,2,2025-06-26
78732633-0af4-4912-9602-d3923d7c10d0,2,2025-06-27
78732633-0af4-4912-9602-d3923d7c10d0,2,2025-06-28
78732633-0af4-4912-9602-d3923d7c10d0,2,2025-06-29
78732633-0af4-4912-9602-d3923d7c10d0,2,2025-06-30
78732633-0af4-4912-9602-d3923d7c10d0,2,2025-07-01
78732633-0af4-4912-9602-d3923d7c10d0,2,2025-07-02
78732633-0af4-4912-9602-d3923d7c10d0,2,2025-07-03
78732633-0af4-4912-9602-d3923d7c10d0,2,2025-07-04
78732633-0af4-4912-9602-d3923d7c10d0,2,2025-08-23
78732633-0af4-4912-9602-d3923d7c10d0,2,2026-01-05
78732633-0af4-4912-9602-d3923d7c10d0,2,2026-01-06
78732633-0af4-4912-9602-d3923d7c10d0,2,2026-06-24
78732633-0af4-4912-9602-d3923d7c10d0,2,2026-06-25
78732633-0af4-4912-9602-d3923d7c10d0,2,2026-06-26
78732633-0af4-4912-9602-d3923d7c10d0,2,2026-06-27
78732633-0af4-4912-9602-d3923d7c10d0,2,2026-09-07
78732633-0af4-4912-9602-d3923d7c10d0,2,2026-09-08
78732633-0af4-4912-9602-d3923d7c10d0,2,2026-09-09
78732633-0af4-4912-9602-d3923d7c10d0,2,2026-09-10
78732633-0af4-4912-9602-d3923d7c10d0,2,2026-09-11
78732633-0af4-4912-9602-d3923d7c10d0,2,2026-09-12
78732633-0af4-4912-9602-d3923d7c10d0,2,2026-09-13
78732633-0af4-4912-9602-d3923d7c10d0,2,2026-09-14
78732633-0af4-4912-9602-d3923d7c10d0,2,2026-09-15
78732633-0af4-4912-9602-d3923d7c10d0,2,2026-09-16
78732633-0af4-4912-9602-d3923d7c10d0,2,2026-09-17
78732633-0af4-4912-9602-d3923d7c10d0,2,2026-09-18
78732633-0af4-4912-9602-d3923d7c10d0,2,2026-09-19
78732633-0af4-4912-9602-d3923d7c10d0,2,2026-09-20
7afecb62-aa18-4106-a82b-a906fa7e488d,2,2024-12-10
7afecb62-aa18-4106-a82b-a906fa7e488d,2,2025-05-31
7afecb62-aa18-4106-a82b-a906fa7e488d,2,2025-06-01
7afecb62-aa18-4106-a82b-a906fa7e488d,2,2025-06-02
7afecb62-aa18-4106-a82b-a906fa7e488d,2,2025-08-17
7afecb62-aa18-4106-a82b-a906fa7e488d,2,2025-08-18
7afecb62-aa18-4106-a82b-a906fa7e488d,2,2025-08-19
7afecb62-aa18-4106-a82b-a906fa7e488d,2,2025-08-20
7afecb62-aa18-4106-a82b-a906fa7e488d,2,2025-08-21
7afecb62-aa18-4106-a82b-a906fa7e488d,2,2025-08-22
7afecb62-aa18-4106-a82b-a906fa7e488d,2,2025-08-23
7afecb62-aa18-4106-a82b-a906fa7e488d,2,2025-08-24
7afecb62-aa18-4106-a82b-a906fa7e488d,2,2025-09-20
7afecb62-aa18-4106-a82b-a906fa7e488d,2,2025-09-22
7afecb62-aa18-4106-a82b-a906fa7e488d,2,2025-09-23
7afecb62-aa18-4106-a82b-a906fa7e488d,2,2025-09-24
7afecb62-aa18-4106-a82b-a906fa7e488d,2,2025-09-25
7afecb62-aa18-4106-a82b-a906fa7e488d,2,2025-09-26
7afecb62-aa18-4106-a82b-a906fa7e488d,2,2025-09-27
7afecb62-aa18-4106-a82b-a906fa7e488d,2,2025-12-25
7afecb62-aa18-4106-a82b-a906fa7e488d,2,2025-12-26
7afecb62-aa18-4106-a82b-a906fa7e488d,2,2026-08-02
7afecb62-aa18-4106-a82b-a906fa7e488d,2,2026-08-03
7afecb62-aa18-4106-a82b-a906fa7e488d,2,2026-08-04
7afecb62-aa18-4106-a82b-a906fa7e488d,2,2026-08-05
7afecb62-aa18-4106-a82b-a906fa7e488d,2,2026-08-06
7afecb62-aa18-4106-a82b-a906fa7e488d,2,2026-08-07
7afecb62-aa18-4106-a82b-a906fa7e488d,2,2026-08-08
7afecb62-aa18-4106-a82b-a906fa7e488d,2,2026-08-09
7afecb62-aa18-4106-a82b-a906fa7e488d,2,2026-08-10
7afecb62-aa18-4106-a82b-a906fa7e488d,2,2026-08-11
7afecb62-aa18-4106-a82b-a906fa7e488d,2,2026-08-12
7afecb62-aa18-4106-a82b-a906fa7e488d,2,2026-08-13
7afecb62-aa18-4106-a82b-a906fa7e488d,2,2026-08-14
7afecb62-aa18-4106-a82b-a906fa7e488d,2,2026-08-15
7afecb62-aa18-4106-a82b-a906fa7e488d,2,2026-08-19
7afecb62-aa18-4106-a82b-a906fa7e488d,2,2026-08-20
7afecb62-aa18-4106-a82b-a906fa7e488d,2,2026-08-21
7afecb62-aa18-4106-a82b-a906fa7e488d,2,2026-08-22
7e88a351-8bd2-4db4-8d56-1cdf9734e9a7,2,2026-03-10
7e88a351-8bd2-4db4-8d56-1cdf9734e9a7,2,2026-03-11
7e88a351-8bd2-4db4-8d56-1cdf9734e9a7,2,2026-03-12
8982ec1f-1303-4c68-a89f-db4b125e1e3b,2,2025-08-11
8982ec1f-1303-4c68-a89f-db4b125e1e3b,2,2025-08-12
8982ec1f-1303-4c68-a89f-db4b125e1e3b,2,2025-08-13
8982ec1f-1303-4c68-a89f-db4b125e1e3b,2,2025-08-14
8982ec1f-1303-4c68-a89f-db4b125e1e3b,2,2025-08-15
8982ec1f-1303-4c68-a89f-db4b125e1e3b,2,2025-08-16
8982ec1f-1303-4c68-a89f-db4b125e1e3b,2,2025-08-17
8982ec1f-1303-4c68-a89f-db4b125e1e3b,2,2025-08-18
8982ec1f-1303-4c68-a89f-db4b125e1e3b,2,2025-08-19
8982ec1f-1303-4c68-a89f-db4b125e1e3b,2,2025-08-20
8982ec1f-1303-4c68-a89f-db4b125e1e3b,2,2025-08-21
8982ec1f-1303-4c68-a89f-db4b125e1e3b,2,2025-08-22
8982ec1f-1303-4c68-a89f-db4b125e1e3b,2,2025-08-23
8982ec1f-1303-4c68-a89f-db4b125e1e3b,2,2025-08-24
8982ec1f-1303-4c68-a89f-db4b125e1e3b,2,2025-08-25
8982ec1f-1303-4c68-a89f-db4b125e1e3b,2,2025-09-04
8b9bd17e-0e24-43f0-81f3-854b0464555f,2,2025-03-19
8b9bd17e-0e24-43f0-81f3-854b0464555f,2,2025-03-20
8b9bd17e-0e24-43f0-81f3-854b0464555f,2,2025-03-21
8b9bd17e-0e24-43f0-81f3-854b0464555f,2,2025-03-22
8b9bd17e-0e24-43f0-81f3-854b0464555f,2,2025-03-23
8b9bd17e-0e24-43f0-81f3-854b0464555f,2,2025-03-24
8b9bd17e-0e24-43f0-81f3-854b0464555f,2,2025-03-25
8b9bd17e-0e24-43f0-81f3-854b0464555f,2,2025-06-22
8b9bd17e-0e24-43f0-81f3-854b0464555f,2,2025-06-23
8b9bd17e-0e24-43f0-81f3-854b0464555f,2,2025-06-24
8b9bd17e-0e24-43f0-81f3-854b0464555f,2,2025-06-25
8b9bd17e-0e24-43f0-81f3-854b0464555f,2,2025-06-26
8b9bd17e-0e24-43f0-81f3-854b0464555f,2,2025-06-27
8b9bd17e-0e24-43f0-81f3-854b0464555f,2,2025-06-28
8b9bd17e-0e24-43f0-81f3-854b0464555f,2,2025-09-01
8b9bd17e-0e24-43f0-81f3-854b0464555f,2,2025-09-02
8b9bd17e-0e24-43f0-81f3-854b0464555f,2,2025-09-03
8b9bd17e-0e24-43f0-81f3-854b0464555f,2,2025-09-04
8b9bd17e-0e24-43f0-81f3-854b0464555f,2,2025-09-05
8b9bd17e-0e24-43f0-81f3-854b0464555f,2,2025-09-06
8b9bd17e-0e24-43f0-81f3-854b0464555f,2,2025-09-07
8b9bd17e-0e24-43f0-81f3-854b0464555f,2,2025-09-08
8b9bd17e-0e24-43f0-81f3-854b0464555f,3,2025-09-08
8b9bd17e-0e24-43f0-81f3-854b0464555f,3,2025-09-09
8b9bd17e-0e24-43f0-81f3-854b0464555f,2,2025-09-09
8b9bd17e-0e24-43f0-81f3-854b0464555f,2,2025-09-10
8b9bd17e-0e24-43f0-81f3-854b0464555f,3,2025-09-10
8b9bd17e-0e24-43f0-81f3-854b0464555f,3,2025-09-11
8b9bd17e-0e24-43f0-81f3-854b0464555f,2,2025-09-11
8b9bd17e-0e24-43f0-81f3-854b0464555f,2,2025-09-12
8b9bd17e-0e24-43f0-81f3-854b0464555f,3,2025-09-12
8b9bd17e-0e24-43f0-81f3-854b0464555f,3,2025-09-13
8b9bd17e-0e24-43f0-81f3-854b0464555f,2,2025-09-13
8b9bd17e-0e24-43f0-81f3-854b0464555f,2,2025-09-14
8b9bd17e-0e24-43f0-81f3-854b0464555f,3,2025-09-14
8b9bd17e-0e24-43f0-81f3-854b0464555f,2,2025-09-15
8b9bd17e-0e24-43f0-81f3-854b0464555f,2,2025-09-16
8b9bd17e-0e24-43f0-81f3-854b0464555f,2,2025-09-17
8b9bd17e-0e24-43f0-81f3-854b0464555f,2,2025-09-18
8b9bd17e-0e24-43f0-81f3-854b0464555f,2,2025-09-19
8b9bd17e-0e24-43f0-81f3-854b0464555f,2,2025-09-20
8b9bd17e-0e24-43f0-81f3-854b0464555f,2,2025-09-21
8b9bd17e-0e24-43f0-81f3-854b0464555f,2,2025-09-22
8b9bd17e-0e24-43f0-81f3-854b0464555f,2,2025-09-23
8b9bd17e-0e24-43f0-81f3-854b0464555f,2,2025-09-24
8b9bd17e-0e24-43f0-81f3-854b0464555f,2,2025-09-25
8b9bd17e-0e24-43f0-81f3-854b0464555f,2,2025-09-26
8b9bd17e-0e24-43f0-81f3-854b0464555f,2,2025-09-27
8b9bd17e-0e24-43f0-81f3-854b0464555f,2,2025-09-28
8b9bd17e-0e24-43f0-81f3-854b0464555f,2,2025-09-29
8b9bd17e-0e24-43f0-81f3-854b0464555f,2,2025-09-30
8b9bd17e-0e24-43f0-81f3-854b0464555f,2,2025-10-01
8b9bd17e-0e24-43f0-81f3-854b0464555f,2,2025-10-02
8b9bd17e-0e24-43f0-81f3-854b0464555f,2,2025-10-03
8b9bd17e-0e24-43f0-81f3-854b0464555f,2,2025-10-04
8b9bd17e-0e24-43f0-81f3-854b0464555f,2,2025-10-05
8b9bd17e-0e24-43f0-81f3-854b0464555f,2,2025-10-06
8b9bd17e-0e24-43f0-81f3-854b0464555f,2,2025-10-07
8b9bd17e-0e24-43f0-81f3-854b0464555f,2,2025-10-08
8b9bd17e-0e24-43f0-81f3-854b0464555f,2,2025-10-09
8b9bd17e-0e24-43f0-81f3-854b0464555f,2,2025-10-10
8b9bd17e-0e24-43f0-81f3-854b0464555f,2,2025-10-11
8b9bd17e-0e24-43f0-81f3-854b0464555f,2,2025-10-12
8b9bd17e-0e24-43f0-81f3-854b0464555f,2,2025-10-13
8b9bd17e-0e24-43f0-81f3-854b0464555f,2,2025-10-14
8b9bd17e-0e24-43f0-81f3-854b0464555f,2,2025-10-15
8b9bd17e-0e24-43f0-81f3-854b0464555f,2,2025-10-16
8b9bd17e-0e24-43f0-81f3-854b0464555f,2,2025-10-17
8b9bd17e-0e24-43f0-81f3-854b0464555f,2,2025-10-18
8b9bd17e-0e24-43f0-81f3-854b0464555f,2,2025-10-19
8b9bd17e-0e24-43f0-81f3-854b0464555f,2,2025-10-20
8b9bd17e-0e24-43f0-81f3-854b0464555f,2,2025-10-21
8b9bd17e-0e24-43f0-81f3-854b0464555f,2,2025-10-22
8b9bd17e-0e24-43f0-81f3-854b0464555f,2,2025-10-23
8b9bd17e-0e24-43f0-81f3-854b0464555f,2,2025-10-24
8b9bd17e-0e24-43f0-81f3-854b0464555f,2,2025-10-25
8b9bd17e-0e24-43f0-81f3-854b0464555f,2,2025-10-26
8b9bd17e-0e24-43f0-81f3-854b0464555f,2,2025-10-27
8b9bd17e-0e24-43f0-81f3-854b0464555f,2,2025-10-28
8b9bd17e-0e24-43f0-81f3-854b0464555f,2,2025-10-29
8b9bd17e-0e24-43f0-81f3-854b0464555f,2,2025-10-30
8b9bd17e-0e24-43f0-81f3-854b0464555f,2,2025-10-31
8b9bd17e-0e24-43f0-81f3-854b0464555f,2,2025-11-01
8b9bd17e-0e24-43f0-81f3-854b0464555f,2,2025-11-02
8b9bd17e-0e24-43f0-81f3-854b0464555f,2,2025-11-03
8b9bd17e-0e24-43f0-81f3-854b0464555f,2,2025-11-04
8b9bd17e-0e24-43f0-81f3-854b0464555f,2,2025-11-05
8b9bd17e-0e24-43f0-81f3-854b0464555f,2,2025-11-06
8b9bd17e-0e24-43f0-81f3-854b0464555f,2,2025-11-07
8b9bd17e-0e24-43f0-81f3-854b0464555f,2,2025-11-08
8b9bd17e-0e24-43f0-81f3-854b0464555f,2,2025-11-09
8b9bd17e-0e24-43f0-81f3-854b0464555f,2,2025-11-10
8b9bd17e-0e24-43f0-81f3-854b0464555f,2,2025-11-11
8b9bd17e-0e24-43f0-81f3-854b0464555f,2,2025-11-12
8b9bd17e-0e24-43f0-81f3-854b0464555f,2,2025-11-13
8b9bd17e-0e24-43f0-81f3-854b0464555f,2,2025-11-14
8b9bd17e-0e24-43f0-81f3-854b0464555f,2,2025-11-15
8b9bd17e-0e24-43f0-81f3-854b0464555f,2,2025-11-16
8b9bd17e-0e24-43f0-81f3-854b0464555f,2,2025-11-17
8b9bd17e-0e24-43f0-81f3-854b0464555f,2,2025-11-18
8b9bd17e-0e24-43f0-81f3-854b0464555f,2,2025-11-19
8b9bd17e-0e24-43f0-81f3-854b0464555f,2,2025-11-20
8b9bd17e-0e24-43f0-81f3-854b0464555f,2,2025-11-21
8b9bd17e-0e24-43f0-81f3-854b0464555f,2,2025-11-22
8b9bd17e-0e24-43f0-81f3-854b0464555f,2,2025-11-23
8b9bd17e-0e24-43f0-81f3-854b0464555f,2,2025-11-24
8b9bd17e-0e24-43f0-81f3-854b0464555f,2,2025-11-25
8b9bd17e-0e24-43f0-81f3-854b0464555f,2,2025-11-26
8b9bd17e-0e24-43f0-81f3-854b0464555f,2,2025-11-27
8b9bd17e-0e24-43f0-81f3-854b0464555f,2,2025-11-28
8b9bd17e-0e24-43f0-81f3-854b0464555f,2,2025-11-29
8b9bd17e-0e24-43f0-81f3-854b0464555f,2,2025-11-30
8b9bd17e-0e24-43f0-81f3-854b0464555f,2,2025-12-01
8b9bd17e-0e24-43f0-81f3-854b0464555f,2,2025-12-02
8b9bd17e-0e24-43f0-81f3-854b0464555f,2,2025-12-03
8b9bd17e-0e24-43f0-81f3-854b0464555f,2,2025-12-04
8b9bd17e-0e24-43f0-81f3-854b0464555f,2,2025-12-05
8b9bd17e-0e24-43f0-81f3-854b0464555f,2,2025-12-06
8b9bd17e-0e24-43f0-81f3-854b0464555f,2,2025-12-07
8b9bd17e-0e24-43f0-81f3-854b0464555f,2,2025-12-08
8b9bd17e-0e24-43f0-81f3-854b0464555f,2,2025-12-09
8b9bd17e-0e24-43f0-81f3-854b0464555f,2,2025-12-10
8b9bd17e-0e24-43f0-81f3-854b0464555f,2,2025-12-11
8b9bd17e-0e24-43f0-81f3-854b0464555f,2,2025-12-12
8b9bd17e-0e24-43f0-81f3-854b0464555f,2,2025-12-13
8b9bd17e-0e24-43f0-81f3-854b0464555f,2,2025-12-14
8b9bd17e-0e24-43f0-81f3-854b0464555f,2,2025-12-15
8b9bd17e-0e24-43f0-81f3-854b0464555f,2,2025-12-16
8b9bd17e-0e24-43f0-81f3-854b0464555f,2,2025-12-17
8b9bd17e-0e24-43f0-81f3-854b0464555f,2,2025-12-18
8b9bd17e-0e24-43f0-81f3-854b0464555f,2,2025-12-19
8b9bd17e-0e24-43f0-81f3-854b0464555f,2,2025-12-20
8b9bd17e-0e24-43f0-81f3-854b0464555f,2,2025-12-21
8b9bd17e-0e24-43f0-81f3-854b0464555f,2,2025-12-22
8b9bd17e-0e24-43f0-81f3-854b0464555f,2,2025-12-23
8b9bd17e-0e24-43f0-81f3-854b0464555f,2,2025-12-24
8b9bd17e-0e24-43f0-81f3-854b0464555f,2,2025-12-25
8b9bd17e-0e24-43f0-81f3-854b0464555f,2,2025-12-26
8b9bd17e-0e24-43f0-81f3-854b0464555f,2,2025-12-27
8b9bd17e-0e24-43f0-81f3-854b0464555f,2,2025-12-28
8b9bd17e-0e24-43f0-81f3-854b0464555f,2,2025-12-29
8b9bd17e-0e24-43f0-81f3-854b0464555f,2,2025-12-30
8b9bd17e-0e24-43f0-81f3-854b0464555f,2,2025-12-31
8b9bd17e-0e24-43f0-81f3-854b0464555f,2,2026-01-01
8b9bd17e-0e24-43f0-81f3-854b0464555f,2,2026-01-02
8b9bd17e-0e24-43f0-81f3-854b0464555f,2,2026-01-03
8b9bd17e-0e24-43f0-81f3-854b0464555f,2,2026-01-04
8b9bd17e-0e24-43f0-81f3-854b0464555f,2,2026-01-05
8b9bd17e-0e24-43f0-81f3-854b0464555f,2,2026-01-08
8b9bd17e-0e24-43f0-81f3-854b0464555f,2,2026-01-09
8b9bd17e-0e24-43f0-81f3-854b0464555f,2,2026-01-10
8b9bd17e-0e24-43f0-81f3-854b0464555f,2,2026-01-11
8b9bd17e-0e24-43f0-81f3-854b0464555f,2,2026-01-12
8b9bd17e-0e24-43f0-81f3-854b0464555f,2,2026-01-13
8b9bd17e-0e24-43f0-81f3-854b0464555f,2,2026-01-14
8b9bd17e-0e24-43f0-81f3-854b0464555f,2,2026-01-15
8b9bd17e-0e24-43f0-81f3-854b0464555f,2,2026-01-16
8b9bd17e-0e24-43f0-81f3-854b0464555f,2,2026-01-17
8b9bd17e-0e24-43f0-81f3-854b0464555f,2,2026-01-18
8b9bd17e-0e24-43f0-81f3-854b0464555f,2,2026-01-19
8b9bd17e-0e24-43f0-81f3-854b0464555f,2,2026-01-20
8b9bd17e-0e24-43f0-81f3-854b0464555f,2,2026-01-21
8b9bd17e-0e24-43f0-81f3-854b0464555f,2,2026-01-22
8b9bd17e-0e24-43f0-81f3-854b0464555f,2,2026-01-23
8b9bd17e-0e24-43f0-81f3-854b0464555f,2,2026-01-24
8b9bd17e-0e24-43f0-81f3-854b0464555f,2,2026-01-25
8b9bd17e-0e24-43f0-81f3-854b0464555f,2,2026-01-26
8b9bd17e-0e24-43f0-81f3-854b0464555f,2,2026-01-27
8b9bd17e-0e24-43f0-81f3-854b0464555f,2,2026-01-28
8b9bd17e-0e24-43f0-81f3-854b0464555f,2,2026-01-29
8b9bd17e-0e24-43f0-81f3-854b0464555f,2,2026-01-30
8b9bd17e-0e24-43f0-81f3-854b0464555f,2,2026-01-31
8b9bd17e-0e24-43f0-81f3-854b0464555f,2,2026-02-01
8b9bd17e-0e24-43f0-81f3-854b0464555f,2,2026-02-02
8b9bd17e-0e24-43f0-81f3-854b0464555f,2,2026-02-03
8b9bd17e-0e24-43f0-81f3-854b0464555f,2,2026-02-04
8b9bd17e-0e24-43f0-81f3-854b0464555f,2,2026-02-05
8b9bd17e-0e24-43f0-81f3-854b0464555f,2,2026-02-06
8b9bd17e-0e24-43f0-81f3-854b0464555f,2,2026-02-07
8b9bd17e-0e24-43f0-81f3-854b0464555f,2,2026-02-08
8b9bd17e-0e24-43f0-81f3-854b0464555f,2,2026-02-09
8b9bd17e-0e24-43f0-81f3-854b0464555f,2,2026-02-10
8b9bd17e-0e24-43f0-81f3-854b0464555f,2,2026-02-11
8b9bd17e-0e24-43f0-81f3-854b0464555f,2,2026-02-12
8b9bd17e-0e24-43f0-81f3-854b0464555f,2,2026-02-13
8b9bd17e-0e24-43f0-81f3-854b0464555f,2,2026-02-14
8b9bd17e-0e24-43f0-81f3-854b0464555f,2,2026-02-15
8b9bd17e-0e24-43f0-81f3-854b0464555f,2,2026-02-16
8b9bd17e-0e24-43f0-81f3-854b0464555f,2,2026-02-17
8b9bd17e-0e24-43f0-81f3-854b0464555f,2,2026-02-18
8b9bd17e-0e24-43f0-81f3-854b0464555f,2,2026-02-19
8b9bd17e-0e24-43f0-81f3-854b0464555f,2,2026-02-20
8b9bd17e-0e24-43f0-81f3-854b0464555f,2,2026-02-21
8b9bd17e-0e24-43f0-81f3-854b0464555f,2,2026-02-22
8b9bd17e-0e24-43f0-81f3-854b0464555f,2,2026-02-23
8b9bd17e-0e24-43f0-81f3-854b0464555f,2,2026-02-24
8b9bd17e-0e24-43f0-81f3-854b0464555f,2,2026-02-25
8b9bd17e-0e24-43f0-81f3-854b0464555f,2,2026-02-26
8b9bd17e-0e24-43f0-81f3-854b0464555f,2,2026-02-27
8b9bd17e-0e24-43f0-81f3-854b0464555f,2,2026-02-28
8b9bd17e-0e24-43f0-81f3-854b0464555f,2,2026-03-01
8b9bd17e-0e24-43f0-81f3-854b0464555f,2,2026-03-02
8b9bd17e-0e24-43f0-81f3-854b0464555f,2,2026-03-03
8b9bd17e-0e24-43f0-81f3-854b0464555f,2,2026-03-04
8b9bd17e-0e24-43f0-81f3-854b0464555f,2,2026-03-05
8b9bd17e-0e24-43f0-81f3-854b0464555f,2,2026-03-06
8b9bd17e-0e24-43f0-81f3-854b0464555f,2,2026-03-07
8b9bd17e-0e24-43f0-81f3-854b0464555f,2,2026-03-08
8b9bd17e-0e24-43f0-81f3-854b0464555f,2,2026-03-09
8b9bd17e-0e24-43f0-81f3-854b0464555f,2,2026-03-10
8b9bd17e-0e24-43f0-81f3-854b0464555f,2,2026-03-11
8b9bd17e-0e24-43f0-81f3-854b0464555f,2,2026-03-12
8b9bd17e-0e24-43f0-81f3-854b0464555f,2,2026-03-13
8b9bd17e-0e24-43f0-81f3-854b0464555f,2,2026-03-14
8b9bd17e-0e24-43f0-81f3-854b0464555f,2,2026-03-15
8b9bd17e-0e24-43f0-81f3-854b0464555f,2,2026-03-16
8b9bd17e-0e24-43f0-81f3-854b0464555f,2,2026-03-17
8b9bd17e-0e24-43f0-81f3-854b0464555f,2,2026-03-18
8b9bd17e-0e24-43f0-81f3-854b0464555f,2,2026-03-19
8b9bd17e-0e24-43f0-81f3-854b0464555f,2,2026-03-20
8b9bd17e-0e24-43f0-81f3-854b0464555f,2,2026-03-21
8b9bd17e-0e24-43f0-81f3-854b0464555f,2,2026-03-22
8b9bd17e-0e24-43f0-81f3-854b0464555f,2,2026-03-23
8b9bd17e-0e24-43f0-81f3-854b0464555f,2,2026-03-24
8b9bd17e-0e24-43f0-81f3-854b0464555f,2,2026-03-25
8b9bd17e-0e24-43f0-81f3-854b0464555f,2,2026-03-26
8b9bd17e-0e24-43f0-81f3-854b0464555f,2,2026-03-27
8b9bd17e-0e24-43f0-81f3-854b0464555f,2,2026-03-28
8b9bd17e-0e24-43f0-81f3-854b0464555f,2,2026-03-29
8b9bd17e-0e24-43f0-81f3-854b0464555f,2,2026-03-30
8b9bd17e-0e24-43f0-81f3-854b0464555f,2,2026-03-31
8b9bd17e-0e24-43f0-81f3-854b0464555f,2,2026-04-01
8b9bd17e-0e24-43f0-81f3-854b0464555f,2,2026-04-02
8b9bd17e-0e24-43f0-81f3-854b0464555f,2,2026-04-03
8b9bd17e-0e24-43f0-81f3-854b0464555f,2,2026-04-04
8b9bd17e-0e24-43f0-81f3-854b0464555f,2,2026-04-05
8b9bd17e-0e24-43f0-81f3-854b0464555f,2,2026-04-06
8b9bd17e-0e24-43f0-81f3-854b0464555f,2,2026-04-07
8b9bd17e-0e24-43f0-81f3-854b0464555f,2,2026-04-08
8b9bd17e-0e24-43f0-81f3-854b0464555f,2,2026-04-09
8b9bd17e-0e24-43f0-81f3-854b0464555f,2,2026-04-10
8b9bd17e-0e24-43f0-81f3-854b0464555f,2,2026-04-11
8b9bd17e-0e24-43f0-81f3-854b0464555f,2,2026-04-12
8b9bd17e-0e24-43f0-81f3-854b0464555f,2,2026-04-13
8b9bd17e-0e24-43f0-81f3-854b0464555f,2,2026-04-14
8b9bd17e-0e24-43f0-81f3-854b0464555f,2,2026-04-15
8b9bd17e-0e24-43f0-81f3-854b0464555f,2,2026-04-16
8b9bd17e-0e24-43f0-81f3-854b0464555f,2,2026-04-17
8b9bd17e-0e24-43f0-81f3-854b0464555f,2,2026-04-18
8b9bd17e-0e24-43f0-81f3-854b0464555f,2,2026-04-19
8b9bd17e-0e24-43f0-81f3-854b0464555f,2,2026-04-20
8b9bd17e-0e24-43f0-81f3-854b0464555f,2,2026-04-21
8b9bd17e-0e24-43f0-81f3-854b0464555f,2,2026-04-22
8b9bd17e-0e24-43f0-81f3-854b0464555f,2,2026-04-23
8b9bd17e-0e24-43f0-81f3-854b0464555f,2,2026-04-24
8b9bd17e-0e24-43f0-81f3-854b0464555f,2,2026-04-25
8b9bd17e-0e24-43f0-81f3-854b0464555f,2,2026-04-26
8b9bd17e-0e24-43f0-81f3-854b0464555f,2,2026-04-27
8b9bd17e-0e24-43f0-81f3-854b0464555f,2,2026-04-28
8b9bd17e-0e24-43f0-81f3-854b0464555f,2,2026-04-29
8b9bd17e-0e24-43f0-81f3-854b0464555f,2,2026-04-30
8b9bd17e-0e24-43f0-81f3-854b0464555f,2,2026-05-01
8b9bd17e-0e24-43f0-81f3-854b0464555f,2,2026-05-02
8b9bd17e-0e24-43f0-81f3-854b0464555f,2,2026-05-03
8b9bd17e-0e24-43f0-81f3-854b0464555f,2,2026-05-04
8b9bd17e-0e24-43f0-81f3-854b0464555f,2,2026-05-05
8b9bd17e-0e24-43f0-81f3-854b0464555f,2,2026-05-06
8b9bd17e-0e24-43f0-81f3-854b0464555f,2,2026-05-07
8b9bd17e-0e24-43f0-81f3-854b0464555f,2,2026-05-08
8b9bd17e-0e24-43f0-81f3-854b0464555f,2,2026-05-09
8b9bd17e-0e24-43f0-81f3-854b0464555f,2,2026-05-11
8b9bd17e-0e24-43f0-81f3-854b0464555f,2,2026-05-12
8b9bd17e-0e24-43f0-81f3-854b0464555f,2,2026-05-13
8b9bd17e-0e24-43f0-81f3-854b0464555f,2,2026-05-14
8b9bd17e-0e24-43f0-81f3-854b0464555f,2,2026-05-15
8b9bd17e-0e24-43f0-81f3-854b0464555f,2,2026-05-16
8b9bd17e-0e24-43f0-81f3-854b0464555f,2,2026-05-18
8b9bd17e-0e24-43f0-81f3-854b0464555f,2,2026-05-19
8b9bd17e-0e24-43f0-81f3-854b0464555f,2,2026-05-20
8b9bd17e-0e24-43f0-81f3-854b0464555f,2,2026-05-21
8b9bd17e-0e24-43f0-81f3-854b0464555f,2,2026-05-22
8b9bd17e-0e24-43f0-81f3-854b0464555f,2,2026-05-23
8b9bd17e-0e24-43f0-81f3-854b0464555f,2,2026-05-25
8b9bd17e-0e24-43f0-81f3-854b0464555f,2,2026-05-26
8b9bd17e-0e24-43f0-81f3-854b0464555f,2,2026-05-27
8b9bd17e-0e24-43f0-81f3-854b0464555f,2,2026-05-28
8b9bd17e-0e24-43f0-81f3-854b0464555f,2,2026-05-29
8b9bd17e-0e24-43f0-81f3-854b0464555f,2,2026-05-30
8b9bd17e-0e24-43f0-81f3-854b0464555f,2,2026-06-01
8b9bd17e-0e24-43f0-81f3-854b0464555f,2,2026-06-02
8b9bd17e-0e24-43f0-81f3-854b0464555f,2,2026-06-03
8b9bd17e-0e24-43f0-81f3-854b0464555f,2,2026-06-04
8b9bd17e-0e24-43f0-81f3-854b0464555f,2,2026-06-05
8d97501c-e7a6-46e6-9882-10ee0dea5a69,2,2025-07-19
8d97501c-e7a6-46e6-9882-10ee0dea5a69,2,2025-09-25
8d97501c-e7a6-46e6-9882-10ee0dea5a69,2,2025-12-22
8d97501c-e7a6-46e6-9882-10ee0dea5a69,2,2025-12-23
8d97501c-e7a6-46e6-9882-10ee0dea5a69,2,2025-12-24
8d97501c-e7a6-46e6-9882-10ee0dea5a69,2,2025-12-25
8d97501c-e7a6-46e6-9882-10ee0dea5a69,2,2026-02-14
8d97501c-e7a6-46e6-9882-10ee0dea5a69,2,2026-04-09
9249db54-a23a-48e5-847d-cae130c90544,2,2025-07-26
9249db54-a23a-48e5-847d-cae130c90544,2,2025-07-27
9249db54-a23a-48e5-847d-cae130c90544,2,2025-07-28
9249db54-a23a-48e5-847d-cae130c90544,2,2025-09-01
9249db54-a23a-48e5-847d-cae130c90544,2,2025-09-02
9249db54-a23a-48e5-847d-cae130c90544,2,2025-09-03
9249db54-a23a-48e5-847d-cae130c90544,2,2025-09-04
9249db54-a23a-48e5-847d-cae130c90544,2,2025-09-05
9249db54-a23a-48e5-847d-cae130c90544,2,2025-09-06
9249db54-a23a-48e5-847d-cae130c90544,2,2025-09-07
9249db54-a23a-48e5-847d-cae130c90544,2,2025-09-08
9249db54-a23a-48e5-847d-cae130c90544,2,2025-10-06
9249db54-a23a-48e5-847d-cae130c90544,2,2025-10-07
9249db54-a23a-48e5-847d-cae130c90544,2,2025-10-08
9249db54-a23a-48e5-847d-cae130c90544,2,2025-10-09
9249db54-a23a-48e5-847d-cae130c90544,2,2025-10-10
9249db54-a23a-48e5-847d-cae130c90544,2,2025-10-11
9249db54-a23a-48e5-847d-cae130c90544,2,2025-10-12
9249db54-a23a-48e5-847d-cae130c90544,2,2026-01-02
9249db54-a23a-48e5-847d-cae130c90544,2,2026-01-03
9249db54-a23a-48e5-847d-cae130c90544,2,2026-01-04
9249db54-a23a-48e5-847d-cae130c90544,2,2026-01-05
9249db54-a23a-48e5-847d-cae130c90544,2,2026-01-06
9249db54-a23a-48e5-847d-cae130c90544,2,2026-06-26
9249db54-a23a-48e5-847d-cae130c90544,2,2026-06-27
9249db54-a23a-48e5-847d-cae130c90544,2,2026-06-28
9249db54-a23a-48e5-847d-cae130c90544,2,2026-07-23
9249db54-a23a-48e5-847d-cae130c90544,2,2026-07-24
9249db54-a23a-48e5-847d-cae130c90544,2,2026-07-25
9249db54-a23a-48e5-847d-cae130c90544,2,2026-07-26
9249db54-a23a-48e5-847d-cae130c90544,2,2026-07-27
9249db54-a23a-48e5-847d-cae130c90544,2,2026-07-28
9249db54-a23a-48e5-847d-cae130c90544,2,2026-07-29
9249db54-a23a-48e5-847d-cae130c90544,2,2026-07-30
9249db54-a23a-48e5-847d-cae130c90544,2,2026-07-31
9249db54-a23a-48e5-847d-cae130c90544,2,2026-08-01
9249db54-a23a-48e5-847d-cae130c90544,2,2026-08-02
925fe8e4-a2de-433d-8c9d-b07fd34a8c36,2,2025-08-11
925fe8e4-a2de-433d-8c9d-b07fd34a8c36,2,2025-08-12
925fe8e4-a2de-433d-8c9d-b07fd34a8c36,2,2025-08-13
925fe8e4-a2de-433d-8c9d-b07fd34a8c36,2,2025-08-14
925fe8e4-a2de-433d-8c9d-b07fd34a8c36,2,2025-08-15
925fe8e4-a2de-433d-8c9d-b07fd34a8c36,2,2025-08-16
925fe8e4-a2de-433d-8c9d-b07fd34a8c36,2,2025-08-17
925fe8e4-a2de-433d-8c9d-b07fd34a8c36,2,2025-08-18
925fe8e4-a2de-433d-8c9d-b07fd34a8c36,2,2025-08-19
925fe8e4-a2de-433d-8c9d-b07fd34a8c36,2,2025-08-20
925fe8e4-a2de-433d-8c9d-b07fd34a8c36,2,2025-08-21
925fe8e4-a2de-433d-8c9d-b07fd34a8c36,2,2025-08-22
925fe8e4-a2de-433d-8c9d-b07fd34a8c36,2,2025-08-23
925fe8e4-a2de-433d-8c9d-b07fd34a8c36,2,2025-08-24
925fe8e4-a2de-433d-8c9d-b07fd34a8c36,2,2026-03-16
925fe8e4-a2de-433d-8c9d-b07fd34a8c36,2,2026-03-17
925fe8e4-a2de-433d-8c9d-b07fd34a8c36,2,2026-03-26
925fe8e4-a2de-433d-8c9d-b07fd34a8c36,2,2026-04-20
925fe8e4-a2de-433d-8c9d-b07fd34a8c36,2,2026-04-21
925fe8e4-a2de-433d-8c9d-b07fd34a8c36,2,2026-04-22
925fe8e4-a2de-433d-8c9d-b07fd34a8c36,2,2026-05-14
925fe8e4-a2de-433d-8c9d-b07fd34a8c36,2,2026-06-01
925fe8e4-a2de-433d-8c9d-b07fd34a8c36,2,2026-06-02
925fe8e4-a2de-433d-8c9d-b07fd34a8c36,2,2026-08-01
925fe8e4-a2de-433d-8c9d-b07fd34a8c36,2,2026-08-02
925fe8e4-a2de-433d-8c9d-b07fd34a8c36,2,2026-08-03
925fe8e4-a2de-433d-8c9d-b07fd34a8c36,2,2026-08-04
925fe8e4-a2de-433d-8c9d-b07fd34a8c36,2,2026-08-05
925fe8e4-a2de-433d-8c9d-b07fd34a8c36,2,2026-08-06
925fe8e4-a2de-433d-8c9d-b07fd34a8c36,2,2026-08-07
925fe8e4-a2de-433d-8c9d-b07fd34a8c36,2,2026-08-08
925fe8e4-a2de-433d-8c9d-b07fd34a8c36,2,2026-08-09
925fe8e4-a2de-433d-8c9d-b07fd34a8c36,2,2026-09-05
925fe8e4-a2de-433d-8c9d-b07fd34a8c36,2,2026-09-06
925fe8e4-a2de-433d-8c9d-b07fd34a8c36,2,2026-09-07
925fe8e4-a2de-433d-8c9d-b07fd34a8c36,2,2026-09-08
925fe8e4-a2de-433d-8c9d-b07fd34a8c36,2,2026-09-09
925fe8e4-a2de-433d-8c9d-b07fd34a8c36,2,2026-09-10
925fe8e4-a2de-433d-8c9d-b07fd34a8c36,2,2026-09-11
925fe8e4-a2de-433d-8c9d-b07fd34a8c36,2,2026-09-12
925fe8e4-a2de-433d-8c9d-b07fd34a8c36,2,2026-09-13
95bf29ca-f6b4-4fbb-88b1-46de45dcf625,2,2025-01-28
95bf29ca-f6b4-4fbb-88b1-46de45dcf625,2,2025-03-12
95bf29ca-f6b4-4fbb-88b1-46de45dcf625,2,2025-03-31
95bf29ca-f6b4-4fbb-88b1-46de45dcf625,2,2025-04-25
95bf29ca-f6b4-4fbb-88b1-46de45dcf625,2,2025-04-26
95bf29ca-f6b4-4fbb-88b1-46de45dcf625,2,2025-04-27
95bf29ca-f6b4-4fbb-88b1-46de45dcf625,2,2025-05-03
95bf29ca-f6b4-4fbb-88b1-46de45dcf625,2,2025-05-04
95bf29ca-f6b4-4fbb-88b1-46de45dcf625,2,2025-05-29
95bf29ca-f6b4-4fbb-88b1-46de45dcf625,2,2025-06-07
95bf29ca-f6b4-4fbb-88b1-46de45dcf625,2,2025-06-08
95bf29ca-f6b4-4fbb-88b1-46de45dcf625,2,2025-06-09
95bf29ca-f6b4-4fbb-88b1-46de45dcf625,2,2025-07-04
95bf29ca-f6b4-4fbb-88b1-46de45dcf625,2,2025-07-05
95bf29ca-f6b4-4fbb-88b1-46de45dcf625,2,2025-07-06
95bf29ca-f6b4-4fbb-88b1-46de45dcf625,2,2025-07-12
95bf29ca-f6b4-4fbb-88b1-46de45dcf625,2,2025-07-13
95bf29ca-f6b4-4fbb-88b1-46de45dcf625,2,2025-08-09
95bf29ca-f6b4-4fbb-88b1-46de45dcf625,2,2025-08-10
95bf29ca-f6b4-4fbb-88b1-46de45dcf625,2,2025-08-11
95bf29ca-f6b4-4fbb-88b1-46de45dcf625,2,2025-08-12
95bf29ca-f6b4-4fbb-88b1-46de45dcf625,2,2025-08-13
95bf29ca-f6b4-4fbb-88b1-46de45dcf625,2,2025-08-14
95bf29ca-f6b4-4fbb-88b1-46de45dcf625,2,2025-08-15
95bf29ca-f6b4-4fbb-88b1-46de45dcf625,2,2025-08-16
95bf29ca-f6b4-4fbb-88b1-46de45dcf625,2,2025-08-17
95bf29ca-f6b4-4fbb-88b1-46de45dcf625,2,2025-08-18
95bf29ca-f6b4-4fbb-88b1-46de45dcf625,2,2025-08-19
95bf29ca-f6b4-4fbb-88b1-46de45dcf625,2,2025-08-20
95bf29ca-f6b4-4fbb-88b1-46de45dcf625,2,2025-08-21
95bf29ca-f6b4-4fbb-88b1-46de45dcf625,2,2025-08-22
95bf29ca-f6b4-4fbb-88b1-46de45dcf625,2,2025-08-23
95bf29ca-f6b4-4fbb-88b1-46de45dcf625,2,2025-09-09
95bf29ca-f6b4-4fbb-88b1-46de45dcf625,2,2025-09-10
95bf29ca-f6b4-4fbb-88b1-46de45dcf625,2,2025-09-11
95bf29ca-f6b4-4fbb-88b1-46de45dcf625,2,2025-09-13
95bf29ca-f6b4-4fbb-88b1-46de45dcf625,2,2025-09-14
95bf29ca-f6b4-4fbb-88b1-46de45dcf625,2,2025-10-09
95bf29ca-f6b4-4fbb-88b1-46de45dcf625,2,2025-10-10
95bf29ca-f6b4-4fbb-88b1-46de45dcf625,2,2025-10-11
95bf29ca-f6b4-4fbb-88b1-46de45dcf625,2,2025-10-13
95bf29ca-f6b4-4fbb-88b1-46de45dcf625,2,2025-10-14
95bf29ca-f6b4-4fbb-88b1-46de45dcf625,2,2025-12-07
95bf29ca-f6b4-4fbb-88b1-46de45dcf625,2,2025-12-08
95bf29ca-f6b4-4fbb-88b1-46de45dcf625,2,2025-12-22
95bf29ca-f6b4-4fbb-88b1-46de45dcf625,2,2025-12-23
95bf29ca-f6b4-4fbb-88b1-46de45dcf625,2,2025-12-24
95bf29ca-f6b4-4fbb-88b1-46de45dcf625,2,2025-12-25
95bf29ca-f6b4-4fbb-88b1-46de45dcf625,2,2025-12-26
95bf29ca-f6b4-4fbb-88b1-46de45dcf625,2,2026-02-23
95bf29ca-f6b4-4fbb-88b1-46de45dcf625,2,2026-03-25
95bf29ca-f6b4-4fbb-88b1-46de45dcf625,2,2026-04-23
95bf29ca-f6b4-4fbb-88b1-46de45dcf625,2,2026-04-24
95bf29ca-f6b4-4fbb-88b1-46de45dcf625,2,2026-04-25
95bf29ca-f6b4-4fbb-88b1-46de45dcf625,2,2026-04-26
95bf29ca-f6b4-4fbb-88b1-46de45dcf625,2,2026-04-27
95bf29ca-f6b4-4fbb-88b1-46de45dcf625,2,2026-05-27
95bf29ca-f6b4-4fbb-88b1-46de45dcf625,2,2026-06-26
95bf29ca-f6b4-4fbb-88b1-46de45dcf625,2,2026-06-27
95bf29ca-f6b4-4fbb-88b1-46de45dcf625,2,2026-06-28
95bf29ca-f6b4-4fbb-88b1-46de45dcf625,2,2026-08-10
95bf29ca-f6b4-4fbb-88b1-46de45dcf625,2,2026-08-11
95bf29ca-f6b4-4fbb-88b1-46de45dcf625,2,2026-08-12
95bf29ca-f6b4-4fbb-88b1-46de45dcf625,2,2026-08-13
95bf29ca-f6b4-4fbb-88b1-46de45dcf625,2,2026-08-14
95bf29ca-f6b4-4fbb-88b1-46de45dcf625,2,2026-08-15
95bf29ca-f6b4-4fbb-88b1-46de45dcf625,2,2026-08-16
95bf29ca-f6b4-4fbb-88b1-46de45dcf625,2,2026-08-17
95bf29ca-f6b4-4fbb-88b1-46de45dcf625,2,2026-08-18
95bf29ca-f6b4-4fbb-88b1-46de45dcf625,2,2026-08-19
95bf29ca-f6b4-4fbb-88b1-46de45dcf625,2,2026-08-20
95bf29ca-f6b4-4fbb-88b1-46de45dcf625,2,2026-08-21
95bf29ca-f6b4-4fbb-88b1-46de45dcf625,2,2026-08-22
95bf29ca-f6b4-4fbb-88b1-46de45dcf625,2,2026-08-23
95bf29ca-f6b4-4fbb-88b1-46de45dcf625,2,2026-08-24
96b641a5-1e20-43b7-b1fb-3f2921eaca46,2,2025-09-08
96b641a5-1e20-43b7-b1fb-3f2921eaca46,2,2025-09-09
96b641a5-1e20-43b7-b1fb-3f2921eaca46,2,2025-10-01
96b641a5-1e20-43b7-b1fb-3f2921eaca46,2,2025-10-02
96b641a5-1e20-43b7-b1fb-3f2921eaca46,2,2025-10-03
96b641a5-1e20-43b7-b1fb-3f2921eaca46,2,2025-10-04
96b641a5-1e20-43b7-b1fb-3f2921eaca46,2,2025-10-05
96b641a5-1e20-43b7-b1fb-3f2921eaca46,2,2025-10-06
96b641a5-1e20-43b7-b1fb-3f2921eaca46,2,2025-10-07
96b641a5-1e20-43b7-b1fb-3f2921eaca46,2,2025-10-08
96b641a5-1e20-43b7-b1fb-3f2921eaca46,2,2025-10-09
96b641a5-1e20-43b7-b1fb-3f2921eaca46,2,2025-10-10
96b641a5-1e20-43b7-b1fb-3f2921eaca46,2,2025-10-11
9964c775-c7f7-42d2-9d2c-a75cb68487d1,2,2025-01-01
9964c775-c7f7-42d2-9d2c-a75cb68487d1,2,2025-05-10
9964c775-c7f7-42d2-9d2c-a75cb68487d1,2,2025-07-22
9964c775-c7f7-42d2-9d2c-a75cb68487d1,2,2025-07-23
9964c775-c7f7-42d2-9d2c-a75cb68487d1,2,2025-07-24
9964c775-c7f7-42d2-9d2c-a75cb68487d1,2,2025-07-25
9964c775-c7f7-42d2-9d2c-a75cb68487d1,2,2025-07-26
9964c775-c7f7-42d2-9d2c-a75cb68487d1,2,2025-07-27
9964c775-c7f7-42d2-9d2c-a75cb68487d1,2,2025-07-28
9964c775-c7f7-42d2-9d2c-a75cb68487d1,2,2025-07-29
9964c775-c7f7-42d2-9d2c-a75cb68487d1,2,2025-07-30
9964c775-c7f7-42d2-9d2c-a75cb68487d1,2,2025-07-31
9964c775-c7f7-42d2-9d2c-a75cb68487d1,2,2025-09-01
9964c775-c7f7-42d2-9d2c-a75cb68487d1,2,2025-09-02
9964c775-c7f7-42d2-9d2c-a75cb68487d1,2,2025-09-03
9964c775-c7f7-42d2-9d2c-a75cb68487d1,2,2025-09-04
9964c775-c7f7-42d2-9d2c-a75cb68487d1,2,2025-09-05
9964c775-c7f7-42d2-9d2c-a75cb68487d1,2,2025-09-06
9964c775-c7f7-42d2-9d2c-a75cb68487d1,2,2025-09-07
9964c775-c7f7-42d2-9d2c-a75cb68487d1,2,2025-09-08
9964c775-c7f7-42d2-9d2c-a75cb68487d1,2,2025-09-09
9964c775-c7f7-42d2-9d2c-a75cb68487d1,2,2025-09-10
9964c775-c7f7-42d2-9d2c-a75cb68487d1,2,2025-12-15
9964c775-c7f7-42d2-9d2c-a75cb68487d1,2,2025-12-16
9964c775-c7f7-42d2-9d2c-a75cb68487d1,2,2026-03-02
9964c775-c7f7-42d2-9d2c-a75cb68487d1,2,2026-03-03
9964c775-c7f7-42d2-9d2c-a75cb68487d1,2,2026-03-04
9964c775-c7f7-42d2-9d2c-a75cb68487d1,2,2026-03-05
9964c775-c7f7-42d2-9d2c-a75cb68487d1,2,2026-03-06
9964c775-c7f7-42d2-9d2c-a75cb68487d1,2,2026-07-23
9964c775-c7f7-42d2-9d2c-a75cb68487d1,2,2026-07-24
9964c775-c7f7-42d2-9d2c-a75cb68487d1,2,2026-07-25
9964c775-c7f7-42d2-9d2c-a75cb68487d1,2,2026-07-26
9964c775-c7f7-42d2-9d2c-a75cb68487d1,2,2026-07-27
9964c775-c7f7-42d2-9d2c-a75cb68487d1,2,2026-07-28
9964c775-c7f7-42d2-9d2c-a75cb68487d1,2,2026-07-29
9964c775-c7f7-42d2-9d2c-a75cb68487d1,2,2026-07-30
9964c775-c7f7-42d2-9d2c-a75cb68487d1,2,2026-07-31
9964c775-c7f7-42d2-9d2c-a75cb68487d1,2,2026-08-01
9964c775-c7f7-42d2-9d2c-a75cb68487d1,2,2026-08-02
9964c775-c7f7-42d2-9d2c-a75cb68487d1,2,2026-08-31
9964c775-c7f7-42d2-9d2c-a75cb68487d1,2,2026-09-01
9964c775-c7f7-42d2-9d2c-a75cb68487d1,2,2026-09-02
9964c775-c7f7-42d2-9d2c-a75cb68487d1,2,2026-09-03
9964c775-c7f7-42d2-9d2c-a75cb68487d1,2,2026-09-04
9964c775-c7f7-42d2-9d2c-a75cb68487d1,2,2026-09-05
9964c775-c7f7-42d2-9d2c-a75cb68487d1,2,2026-09-06
9964c775-c7f7-42d2-9d2c-a75cb68487d1,2,2026-09-07
9964c775-c7f7-42d2-9d2c-a75cb68487d1,2,2026-09-08
9964c775-c7f7-42d2-9d2c-a75cb68487d1,2,2026-09-09
9b1e36ac-7e99-4109-b4c6-9a85c1bf7719,2,2025-08-04
9b1e36ac-7e99-4109-b4c6-9a85c1bf7719,2,2025-08-05
9b1e36ac-7e99-4109-b4c6-9a85c1bf7719,2,2025-10-16
9b1e36ac-7e99-4109-b4c6-9a85c1bf7719,2,2025-10-17
9b1e36ac-7e99-4109-b4c6-9a85c1bf7719,2,2025-10-18
9b1e36ac-7e99-4109-b4c6-9a85c1bf7719,2,2025-10-19
9b1e36ac-7e99-4109-b4c6-9a85c1bf7719,2,2026-02-23
9b1e36ac-7e99-4109-b4c6-9a85c1bf7719,2,2026-04-03
9b1e36ac-7e99-4109-b4c6-9a85c1bf7719,2,2026-05-03
9c1113fb-90f9-4b8b-8fdd-bcc7b6b5365b,2,2025-03-11
9c1113fb-90f9-4b8b-8fdd-bcc7b6b5365b,2,2025-04-16
9c1113fb-90f9-4b8b-8fdd-bcc7b6b5365b,2,2025-04-25
9c1113fb-90f9-4b8b-8fdd-bcc7b6b5365b,2,2025-04-26
9c1113fb-90f9-4b8b-8fdd-bcc7b6b5365b,2,2025-04-27
9c1113fb-90f9-4b8b-8fdd-bcc7b6b5365b,2,2025-05-03
9c1113fb-90f9-4b8b-8fdd-bcc7b6b5365b,2,2025-05-04
9c1113fb-90f9-4b8b-8fdd-bcc7b6b5365b,2,2025-07-04
9c1113fb-90f9-4b8b-8fdd-bcc7b6b5365b,2,2025-07-05
9c1113fb-90f9-4b8b-8fdd-bcc7b6b5365b,2,2025-07-06
9c1113fb-90f9-4b8b-8fdd-bcc7b6b5365b,2,2025-08-09
9c1113fb-90f9-4b8b-8fdd-bcc7b6b5365b,2,2025-08-10
9c1113fb-90f9-4b8b-8fdd-bcc7b6b5365b,2,2025-08-11
9c1113fb-90f9-4b8b-8fdd-bcc7b6b5365b,2,2025-08-12
9c1113fb-90f9-4b8b-8fdd-bcc7b6b5365b,2,2025-08-13
9c1113fb-90f9-4b8b-8fdd-bcc7b6b5365b,2,2025-08-14
9c1113fb-90f9-4b8b-8fdd-bcc7b6b5365b,2,2025-08-15
9c1113fb-90f9-4b8b-8fdd-bcc7b6b5365b,2,2025-08-16
9c1113fb-90f9-4b8b-8fdd-bcc7b6b5365b,2,2025-08-17
9c1113fb-90f9-4b8b-8fdd-bcc7b6b5365b,2,2025-08-18
9c1113fb-90f9-4b8b-8fdd-bcc7b6b5365b,2,2025-08-19
9c1113fb-90f9-4b8b-8fdd-bcc7b6b5365b,2,2025-08-20
9c1113fb-90f9-4b8b-8fdd-bcc7b6b5365b,2,2025-08-21
9c1113fb-90f9-4b8b-8fdd-bcc7b6b5365b,2,2025-08-22
9c1113fb-90f9-4b8b-8fdd-bcc7b6b5365b,2,2025-08-23
9c1113fb-90f9-4b8b-8fdd-bcc7b6b5365b,2,2025-10-10
9c1113fb-90f9-4b8b-8fdd-bcc7b6b5365b,2,2025-10-11
9c1113fb-90f9-4b8b-8fdd-bcc7b6b5365b,2,2025-10-13
9c1113fb-90f9-4b8b-8fdd-bcc7b6b5365b,2,2025-10-14
9c1113fb-90f9-4b8b-8fdd-bcc7b6b5365b,2,2025-12-25
9c1113fb-90f9-4b8b-8fdd-bcc7b6b5365b,2,2025-12-26
9c1113fb-90f9-4b8b-8fdd-bcc7b6b5365b,2,2026-04-24
9c1113fb-90f9-4b8b-8fdd-bcc7b6b5365b,2,2026-04-25
9c1113fb-90f9-4b8b-8fdd-bcc7b6b5365b,2,2026-04-26
9c1113fb-90f9-4b8b-8fdd-bcc7b6b5365b,2,2026-04-27
a4ad082b-fd58-4e76-9864-5a0339b700be,2,2026-05-26
ab577efb-8d05-4666-a51a-6b95edc5ec45,2,2025-03-15
ab577efb-8d05-4666-a51a-6b95edc5ec45,2,2025-03-16
ab577efb-8d05-4666-a51a-6b95edc5ec45,2,2025-04-21
ab577efb-8d05-4666-a51a-6b95edc5ec45,2,2025-04-22
ab577efb-8d05-4666-a51a-6b95edc5ec45,2,2025-05-08
ab577efb-8d05-4666-a51a-6b95edc5ec45,2,2025-05-16
ab577efb-8d05-4666-a51a-6b95edc5ec45,2,2025-05-17
ab577efb-8d05-4666-a51a-6b95edc5ec45,2,2025-05-18
ab577efb-8d05-4666-a51a-6b95edc5ec45,2,2025-05-19
ab577efb-8d05-4666-a51a-6b95edc5ec45,2,2025-06-15
ab577efb-8d05-4666-a51a-6b95edc5ec45,2,2025-06-16
ab577efb-8d05-4666-a51a-6b95edc5ec45,2,2025-06-17
ab577efb-8d05-4666-a51a-6b95edc5ec45,2,2025-06-18
ab577efb-8d05-4666-a51a-6b95edc5ec45,2,2025-06-19
ab577efb-8d05-4666-a51a-6b95edc5ec45,2,2025-06-20
ab577efb-8d05-4666-a51a-6b95edc5ec45,2,2025-06-21
ab577efb-8d05-4666-a51a-6b95edc5ec45,2,2025-06-22
ab577efb-8d05-4666-a51a-6b95edc5ec45,2,2025-06-23
ab577efb-8d05-4666-a51a-6b95edc5ec45,2,2025-06-24
ab577efb-8d05-4666-a51a-6b95edc5ec45,2,2025-06-25
ab577efb-8d05-4666-a51a-6b95edc5ec45,2,2025-06-26
ab577efb-8d05-4666-a51a-6b95edc5ec45,2,2025-06-27
ab577efb-8d05-4666-a51a-6b95edc5ec45,2,2025-06-28
ab577efb-8d05-4666-a51a-6b95edc5ec45,2,2025-06-29
ab577efb-8d05-4666-a51a-6b95edc5ec45,2,2025-06-30
ab577efb-8d05-4666-a51a-6b95edc5ec45,2,2025-08-17
ab577efb-8d05-4666-a51a-6b95edc5ec45,2,2025-08-19
ab577efb-8d05-4666-a51a-6b95edc5ec45,2,2025-10-02
ab577efb-8d05-4666-a51a-6b95edc5ec45,2,2025-10-16
ab577efb-8d05-4666-a51a-6b95edc5ec45,2,2025-10-17
ab577efb-8d05-4666-a51a-6b95edc5ec45,2,2025-10-18
ab577efb-8d05-4666-a51a-6b95edc5ec45,2,2025-10-19
ab577efb-8d05-4666-a51a-6b95edc5ec45,2,2025-10-20
ab577efb-8d05-4666-a51a-6b95edc5ec45,2,2025-10-21
ab577efb-8d05-4666-a51a-6b95edc5ec45,2,2026-01-02
ab577efb-8d05-4666-a51a-6b95edc5ec45,2,2026-01-03
ab577efb-8d05-4666-a51a-6b95edc5ec45,2,2026-01-04
ab577efb-8d05-4666-a51a-6b95edc5ec45,2,2026-01-05
ab577efb-8d05-4666-a51a-6b95edc5ec45,2,2026-01-06
ab577efb-8d05-4666-a51a-6b95edc5ec45,2,2026-01-10
ab577efb-8d05-4666-a51a-6b95edc5ec45,2,2026-01-11
ab577efb-8d05-4666-a51a-6b95edc5ec45,2,2026-01-12
ab577efb-8d05-4666-a51a-6b95edc5ec45,2,2026-03-02
ab577efb-8d05-4666-a51a-6b95edc5ec45,2,2026-03-03
ab577efb-8d05-4666-a51a-6b95edc5ec45,2,2026-03-19
ab577efb-8d05-4666-a51a-6b95edc5ec45,2,2026-04-06
ab577efb-8d05-4666-a51a-6b95edc5ec45,2,2026-04-07
ab577efb-8d05-4666-a51a-6b95edc5ec45,2,2026-04-08
ab577efb-8d05-4666-a51a-6b95edc5ec45,2,2026-04-09
ab577efb-8d05-4666-a51a-6b95edc5ec45,2,2026-04-10
ab577efb-8d05-4666-a51a-6b95edc5ec45,2,2026-04-11
ab577efb-8d05-4666-a51a-6b95edc5ec45,2,2026-04-12
ab577efb-8d05-4666-a51a-6b95edc5ec45,2,2026-06-21
ab577efb-8d05-4666-a51a-6b95edc5ec45,2,2026-06-22
ab577efb-8d05-4666-a51a-6b95edc5ec45,2,2026-06-23
ab577efb-8d05-4666-a51a-6b95edc5ec45,2,2026-06-24
ab577efb-8d05-4666-a51a-6b95edc5ec45,2,2026-06-25
ab577efb-8d05-4666-a51a-6b95edc5ec45,2,2026-06-26
ab577efb-8d05-4666-a51a-6b95edc5ec45,2,2026-06-27
ab577efb-8d05-4666-a51a-6b95edc5ec45,2,2026-06-28
ab577efb-8d05-4666-a51a-6b95edc5ec45,2,2026-06-29
ab577efb-8d05-4666-a51a-6b95edc5ec45,2,2026-06-30
ab577efb-8d05-4666-a51a-6b95edc5ec45,2,2026-07-01
ab577efb-8d05-4666-a51a-6b95edc5ec45,2,2026-08-16
ab577efb-8d05-4666-a51a-6b95edc5ec45,2,2026-08-17
ab577efb-8d05-4666-a51a-6b95edc5ec45,2,2026-08-18
ab577efb-8d05-4666-a51a-6b95edc5ec45,2,2026-08-19
ab577efb-8d05-4666-a51a-6b95edc5ec45,2,2026-08-20
ab577efb-8d05-4666-a51a-6b95edc5ec45,2,2026-08-21
ab577efb-8d05-4666-a51a-6b95edc5ec45,2,2026-08-22
ab577efb-8d05-4666-a51a-6b95edc5ec45,2,2026-08-23
b5ca6829-6ac9-4e18-96d7-3282ff6f3250,2,2025-05-30
b5ca6829-6ac9-4e18-96d7-3282ff6f3250,2,2025-06-21
b5ca6829-6ac9-4e18-96d7-3282ff6f3250,2,2025-06-22
b5ca6829-6ac9-4e18-96d7-3282ff6f3250,2,2025-06-23
b5ca6829-6ac9-4e18-96d7-3282ff6f3250,2,2025-06-24
b5ca6829-6ac9-4e18-96d7-3282ff6f3250,2,2025-06-25
b5ca6829-6ac9-4e18-96d7-3282ff6f3250,2,2025-06-26
b5ca6829-6ac9-4e18-96d7-3282ff6f3250,2,2025-06-27
b5ca6829-6ac9-4e18-96d7-3282ff6f3250,2,2025-06-28
b5ca6829-6ac9-4e18-96d7-3282ff6f3250,2,2025-06-29
b5ca6829-6ac9-4e18-96d7-3282ff6f3250,2,2025-08-10
b5ca6829-6ac9-4e18-96d7-3282ff6f3250,2,2025-08-11
b5ca6829-6ac9-4e18-96d7-3282ff6f3250,2,2025-08-12
b5ca6829-6ac9-4e18-96d7-3282ff6f3250,2,2025-08-13
b5ca6829-6ac9-4e18-96d7-3282ff6f3250,2,2025-08-14
b5ca6829-6ac9-4e18-96d7-3282ff6f3250,2,2025-08-15
b5ca6829-6ac9-4e18-96d7-3282ff6f3250,2,2025-08-16
b5ca6829-6ac9-4e18-96d7-3282ff6f3250,2,2025-08-17
b5ca6829-6ac9-4e18-96d7-3282ff6f3250,2,2025-08-18
b5ca6829-6ac9-4e18-96d7-3282ff6f3250,2,2025-08-19
b5ca6829-6ac9-4e18-96d7-3282ff6f3250,2,2025-08-20
b5ca6829-6ac9-4e18-96d7-3282ff6f3250,2,2025-08-21
b5ca6829-6ac9-4e18-96d7-3282ff6f3250,2,2025-08-22
b5ca6829-6ac9-4e18-96d7-3282ff6f3250,2,2025-08-23
b5ca6829-6ac9-4e18-96d7-3282ff6f3250,2,2025-11-21
b5ca6829-6ac9-4e18-96d7-3282ff6f3250,2,2025-12-06
b5ca6829-6ac9-4e18-96d7-3282ff6f3250,2,2025-12-07
b5ca6829-6ac9-4e18-96d7-3282ff6f3250,2,2025-12-08
b5ca6829-6ac9-4e18-96d7-3282ff6f3250,2,2025-12-24
b5ca6829-6ac9-4e18-96d7-3282ff6f3250,2,2025-12-25
b5ca6829-6ac9-4e18-96d7-3282ff6f3250,2,2025-12-26
b5ca6829-6ac9-4e18-96d7-3282ff6f3250,2,2025-12-27
b5ca6829-6ac9-4e18-96d7-3282ff6f3250,2,2025-12-28
b5ca6829-6ac9-4e18-96d7-3282ff6f3250,2,2026-04-06
b5ca6829-6ac9-4e18-96d7-3282ff6f3250,2,2026-04-07
b5ca6829-6ac9-4e18-96d7-3282ff6f3250,2,2026-04-08
b5ca6829-6ac9-4e18-96d7-3282ff6f3250,2,2026-04-09
b5ca6829-6ac9-4e18-96d7-3282ff6f3250,2,2026-04-10
b5ca6829-6ac9-4e18-96d7-3282ff6f3250,2,2026-04-11
b5ca6829-6ac9-4e18-96d7-3282ff6f3250,2,2026-04-12
b5ca6829-6ac9-4e18-96d7-3282ff6f3250,2,2026-04-13
b5ca6829-6ac9-4e18-96d7-3282ff6f3250,2,2026-05-15
b5ca6829-6ac9-4e18-96d7-3282ff6f3250,2,2026-06-09
b5ca6829-6ac9-4e18-96d7-3282ff6f3250,2,2026-06-20
b5ca6829-6ac9-4e18-96d7-3282ff6f3250,2,2026-06-21
b5ca6829-6ac9-4e18-96d7-3282ff6f3250,2,2026-06-22
b5ca6829-6ac9-4e18-96d7-3282ff6f3250,2,2026-06-23
b5ca6829-6ac9-4e18-96d7-3282ff6f3250,2,2026-06-24
b5ca6829-6ac9-4e18-96d7-3282ff6f3250,2,2026-06-25
b5ca6829-6ac9-4e18-96d7-3282ff6f3250,2,2026-06-26
b5ca6829-6ac9-4e18-96d7-3282ff6f3250,2,2026-06-27
b5ca6829-6ac9-4e18-96d7-3282ff6f3250,2,2026-06-28
b5ca6829-6ac9-4e18-96d7-3282ff6f3250,2,2026-07-19
b5ca6829-6ac9-4e18-96d7-3282ff6f3250,2,2026-07-20
b5ca6829-6ac9-4e18-96d7-3282ff6f3250,2,2026-07-21
b5ca6829-6ac9-4e18-96d7-3282ff6f3250,2,2026-07-22
b5ca6829-6ac9-4e18-96d7-3282ff6f3250,2,2026-07-23
b5ca6829-6ac9-4e18-96d7-3282ff6f3250,2,2026-07-24
b5ca6829-6ac9-4e18-96d7-3282ff6f3250,2,2026-07-25
b5ca6829-6ac9-4e18-96d7-3282ff6f3250,2,2026-07-26
b5ca6829-6ac9-4e18-96d7-3282ff6f3250,2,2026-08-15
b5ca6829-6ac9-4e18-96d7-3282ff6f3250,2,2026-08-16
b5ca6829-6ac9-4e18-96d7-3282ff6f3250,2,2026-08-17
b5ca6829-6ac9-4e18-96d7-3282ff6f3250,2,2026-08-18
b5ca6829-6ac9-4e18-96d7-3282ff6f3250,2,2026-08-19
b5ca6829-6ac9-4e18-96d7-3282ff6f3250,2,2026-08-20
b5ca6829-6ac9-4e18-96d7-3282ff6f3250,2,2026-08-21
b5ca6829-6ac9-4e18-96d7-3282ff6f3250,2,2026-08-22
b5ca6829-6ac9-4e18-96d7-3282ff6f3250,2,2026-12-23
b5ca6829-6ac9-4e18-96d7-3282ff6f3250,2,2026-12-24
b5ca6829-6ac9-4e18-96d7-3282ff6f3250,2,2026-12-25
b5ca6829-6ac9-4e18-96d7-3282ff6f3250,2,2026-12-26
b5ca6829-6ac9-4e18-96d7-3282ff6f3250,2,2026-12-27
b5ca6829-6ac9-4e18-96d7-3282ff6f3250,2,2026-12-28
b5ca6829-6ac9-4e18-96d7-3282ff6f3250,2,2026-12-29
b5ca6829-6ac9-4e18-96d7-3282ff6f3250,2,2026-12-30
b5ca6829-6ac9-4e18-96d7-3282ff6f3250,2,2026-12-31
b8eaaef1-8890-4d24-8c6c-3db23f8812a0,2,2025-01-02
b8eaaef1-8890-4d24-8c6c-3db23f8812a0,2,2025-01-03
b8eaaef1-8890-4d24-8c6c-3db23f8812a0,2,2025-01-04
b8eaaef1-8890-4d24-8c6c-3db23f8812a0,2,2025-04-19
b8eaaef1-8890-4d24-8c6c-3db23f8812a0,2,2025-04-20
b8eaaef1-8890-4d24-8c6c-3db23f8812a0,2,2025-04-21
b8eaaef1-8890-4d24-8c6c-3db23f8812a0,2,2025-04-22
b8eaaef1-8890-4d24-8c6c-3db23f8812a0,2,2025-05-28
b8eaaef1-8890-4d24-8c6c-3db23f8812a0,2,2025-06-21
b8eaaef1-8890-4d24-8c6c-3db23f8812a0,2,2025-06-22
b8eaaef1-8890-4d24-8c6c-3db23f8812a0,2,2025-06-23
b8eaaef1-8890-4d24-8c6c-3db23f8812a0,2,2025-06-24
b8eaaef1-8890-4d24-8c6c-3db23f8812a0,2,2025-06-25
b8eaaef1-8890-4d24-8c6c-3db23f8812a0,2,2025-06-26
b8eaaef1-8890-4d24-8c6c-3db23f8812a0,2,2025-06-27
b8eaaef1-8890-4d24-8c6c-3db23f8812a0,2,2025-06-28
b8eaaef1-8890-4d24-8c6c-3db23f8812a0,2,2025-06-29
b8eaaef1-8890-4d24-8c6c-3db23f8812a0,2,2025-06-30
b8eaaef1-8890-4d24-8c6c-3db23f8812a0,2,2025-07-01
b8eaaef1-8890-4d24-8c6c-3db23f8812a0,2,2025-07-02
b8eaaef1-8890-4d24-8c6c-3db23f8812a0,2,2025-07-20
b8eaaef1-8890-4d24-8c6c-3db23f8812a0,2,2025-07-21
b8eaaef1-8890-4d24-8c6c-3db23f8812a0,2,2025-07-22
b8eaaef1-8890-4d24-8c6c-3db23f8812a0,2,2025-07-23
b8eaaef1-8890-4d24-8c6c-3db23f8812a0,2,2025-07-24
b8eaaef1-8890-4d24-8c6c-3db23f8812a0,2,2025-07-25
b8eaaef1-8890-4d24-8c6c-3db23f8812a0,2,2025-07-26
b8eaaef1-8890-4d24-8c6c-3db23f8812a0,2,2025-07-27
b8eaaef1-8890-4d24-8c6c-3db23f8812a0,2,2025-07-28
b8eaaef1-8890-4d24-8c6c-3db23f8812a0,2,2025-08-31
b8eaaef1-8890-4d24-8c6c-3db23f8812a0,2,2025-09-01
b8eaaef1-8890-4d24-8c6c-3db23f8812a0,2,2025-09-19
b8eaaef1-8890-4d24-8c6c-3db23f8812a0,2,2025-09-20
b8eaaef1-8890-4d24-8c6c-3db23f8812a0,2,2025-11-03
b8eaaef1-8890-4d24-8c6c-3db23f8812a0,2,2025-12-20
b8eaaef1-8890-4d24-8c6c-3db23f8812a0,2,2025-12-21
b8eaaef1-8890-4d24-8c6c-3db23f8812a0,2,2025-12-25
b8eaaef1-8890-4d24-8c6c-3db23f8812a0,2,2025-12-26
b8eaaef1-8890-4d24-8c6c-3db23f8812a0,2,2026-01-02
b8eaaef1-8890-4d24-8c6c-3db23f8812a0,2,2026-02-09
b8eaaef1-8890-4d24-8c6c-3db23f8812a0,2,2026-02-20
b8eaaef1-8890-4d24-8c6c-3db23f8812a0,2,2026-02-21
b8eaaef1-8890-4d24-8c6c-3db23f8812a0,2,2026-02-22
b8eaaef1-8890-4d24-8c6c-3db23f8812a0,2,2026-02-23
b8eaaef1-8890-4d24-8c6c-3db23f8812a0,2,2026-02-24
b8eaaef1-8890-4d24-8c6c-3db23f8812a0,2,2026-02-25
b8eaaef1-8890-4d24-8c6c-3db23f8812a0,2,2026-02-26
b8eaaef1-8890-4d24-8c6c-3db23f8812a0,2,2026-02-27
b8eaaef1-8890-4d24-8c6c-3db23f8812a0,2,2026-06-13
b8eaaef1-8890-4d24-8c6c-3db23f8812a0,2,2026-06-14
b8eaaef1-8890-4d24-8c6c-3db23f8812a0,2,2026-06-15
b8eaaef1-8890-4d24-8c6c-3db23f8812a0,2,2026-06-16
b8eaaef1-8890-4d24-8c6c-3db23f8812a0,2,2026-06-17
b8eaaef1-8890-4d24-8c6c-3db23f8812a0,2,2026-06-18
b8eaaef1-8890-4d24-8c6c-3db23f8812a0,2,2026-06-19
b8eaaef1-8890-4d24-8c6c-3db23f8812a0,2,2026-06-20
b8eaaef1-8890-4d24-8c6c-3db23f8812a0,2,2026-06-21
b8eaaef1-8890-4d24-8c6c-3db23f8812a0,2,2026-06-22
b8eaaef1-8890-4d24-8c6c-3db23f8812a0,2,2026-07-24
b8eaaef1-8890-4d24-8c6c-3db23f8812a0,2,2026-07-25
b8eaaef1-8890-4d24-8c6c-3db23f8812a0,2,2026-07-26
b8eaaef1-8890-4d24-8c6c-3db23f8812a0,2,2026-07-27
b8eaaef1-8890-4d24-8c6c-3db23f8812a0,2,2026-07-28
b8eaaef1-8890-4d24-8c6c-3db23f8812a0,2,2026-07-29
b8eaaef1-8890-4d24-8c6c-3db23f8812a0,2,2026-07-30
b8eaaef1-8890-4d24-8c6c-3db23f8812a0,2,2026-07-31
b8eaaef1-8890-4d24-8c6c-3db23f8812a0,2,2026-08-01
b8eaaef1-8890-4d24-8c6c-3db23f8812a0,2,2026-08-02
c280d18d-86b9-4bba-85e6-2c00472efd9d,2,2025-04-21
c280d18d-86b9-4bba-85e6-2c00472efd9d,2,2025-04-22
c280d18d-86b9-4bba-85e6-2c00472efd9d,2,2025-04-23
c280d18d-86b9-4bba-85e6-2c00472efd9d,2,2025-04-24
c280d18d-86b9-4bba-85e6-2c00472efd9d,2,2025-04-25
c280d18d-86b9-4bba-85e6-2c00472efd9d,2,2025-04-26
c280d18d-86b9-4bba-85e6-2c00472efd9d,2,2025-04-27
c280d18d-86b9-4bba-85e6-2c00472efd9d,2,2025-07-07
c280d18d-86b9-4bba-85e6-2c00472efd9d,2,2025-07-08
c280d18d-86b9-4bba-85e6-2c00472efd9d,2,2025-07-09
c280d18d-86b9-4bba-85e6-2c00472efd9d,2,2025-07-10
c280d18d-86b9-4bba-85e6-2c00472efd9d,2,2025-07-11
c280d18d-86b9-4bba-85e6-2c00472efd9d,2,2025-07-12
c280d18d-86b9-4bba-85e6-2c00472efd9d,2,2025-07-13
c280d18d-86b9-4bba-85e6-2c00472efd9d,2,2025-07-14
c280d18d-86b9-4bba-85e6-2c00472efd9d,2,2025-07-15
c280d18d-86b9-4bba-85e6-2c00472efd9d,2,2025-07-16
c280d18d-86b9-4bba-85e6-2c00472efd9d,2,2025-07-17
c280d18d-86b9-4bba-85e6-2c00472efd9d,2,2025-07-18
c280d18d-86b9-4bba-85e6-2c00472efd9d,2,2025-07-19
c280d18d-86b9-4bba-85e6-2c00472efd9d,2,2025-07-20
c280d18d-86b9-4bba-85e6-2c00472efd9d,2,2025-08-25
c280d18d-86b9-4bba-85e6-2c00472efd9d,2,2025-08-26
c280d18d-86b9-4bba-85e6-2c00472efd9d,2,2025-08-27
c280d18d-86b9-4bba-85e6-2c00472efd9d,2,2025-08-28
c280d18d-86b9-4bba-85e6-2c00472efd9d,2,2025-08-29
c280d18d-86b9-4bba-85e6-2c00472efd9d,2,2025-08-30
c280d18d-86b9-4bba-85e6-2c00472efd9d,2,2025-08-31
c280d18d-86b9-4bba-85e6-2c00472efd9d,2,2025-09-01
c280d18d-86b9-4bba-85e6-2c00472efd9d,2,2025-09-02
c280d18d-86b9-4bba-85e6-2c00472efd9d,2,2025-09-15
c280d18d-86b9-4bba-85e6-2c00472efd9d,2,2025-09-15
c280d18d-86b9-4bba-85e6-2c00472efd9d,2,2025-09-29
c280d18d-86b9-4bba-85e6-2c00472efd9d,3,2025-11-09
c280d18d-86b9-4bba-85e6-2c00472efd9d,2,2025-12-25
c280d18d-86b9-4bba-85e6-2c00472efd9d,2,2025-12-29
c280d18d-86b9-4bba-85e6-2c00472efd9d,2,2025-12-30
c280d18d-86b9-4bba-85e6-2c00472efd9d,2,2026-01-03
c280d18d-86b9-4bba-85e6-2c00472efd9d,2,2026-01-05
c280d18d-86b9-4bba-85e6-2c00472efd9d,2,2026-03-07
c280d18d-86b9-4bba-85e6-2c00472efd9d,2,2026-04-02
c280d18d-86b9-4bba-85e6-2c00472efd9d,2,2026-04-03
c280d18d-86b9-4bba-85e6-2c00472efd9d,2,2026-04-04
c280d18d-86b9-4bba-85e6-2c00472efd9d,2,2026-04-06
c280d18d-86b9-4bba-85e6-2c00472efd9d,2,2026-04-07
c280d18d-86b9-4bba-85e6-2c00472efd9d,2,2026-04-30
c280d18d-86b9-4bba-85e6-2c00472efd9d,2,2026-05-01
c280d18d-86b9-4bba-85e6-2c00472efd9d,2,2026-05-02
c280d18d-86b9-4bba-85e6-2c00472efd9d,2,2026-05-03
c280d18d-86b9-4bba-85e6-2c00472efd9d,2,2026-06-27
c280d18d-86b9-4bba-85e6-2c00472efd9d,2,2026-06-28
c280d18d-86b9-4bba-85e6-2c00472efd9d,2,2026-06-29
c280d18d-86b9-4bba-85e6-2c00472efd9d,2,2026-07-13
c280d18d-86b9-4bba-85e6-2c00472efd9d,2,2026-07-14
c280d18d-86b9-4bba-85e6-2c00472efd9d,2,2026-07-15
c280d18d-86b9-4bba-85e6-2c00472efd9d,2,2026-07-16
c280d18d-86b9-4bba-85e6-2c00472efd9d,2,2026-07-17
c280d18d-86b9-4bba-85e6-2c00472efd9d,2,2026-07-18
c280d18d-86b9-4bba-85e6-2c00472efd9d,2,2026-07-19
c280d18d-86b9-4bba-85e6-2c00472efd9d,2,2026-07-20
c280d18d-86b9-4bba-85e6-2c00472efd9d,2,2026-07-21
c280d18d-86b9-4bba-85e6-2c00472efd9d,2,2026-07-22
c280d18d-86b9-4bba-85e6-2c00472efd9d,2,2026-07-23
c280d18d-86b9-4bba-85e6-2c00472efd9d,2,2026-08-24
c280d18d-86b9-4bba-85e6-2c00472efd9d,2,2026-08-25
c280d18d-86b9-4bba-85e6-2c00472efd9d,2,2026-08-26
c280d18d-86b9-4bba-85e6-2c00472efd9d,2,2026-08-27
c280d18d-86b9-4bba-85e6-2c00472efd9d,2,2026-08-28
c280d18d-86b9-4bba-85e6-2c00472efd9d,2,2026-08-29
c280d18d-86b9-4bba-85e6-2c00472efd9d,2,2026-08-30
c5ce5a45-2b0a-40ff-a82f-ea5df6501805,2,2025-01-28
c5ce5a45-2b0a-40ff-a82f-ea5df6501805,2,2025-01-29
c5ce5a45-2b0a-40ff-a82f-ea5df6501805,2,2025-05-20
c5ce5a45-2b0a-40ff-a82f-ea5df6501805,2,2025-05-21
c5ce5a45-2b0a-40ff-a82f-ea5df6501805,2,2025-05-22
c5ce5a45-2b0a-40ff-a82f-ea5df6501805,2,2025-05-23
c5ce5a45-2b0a-40ff-a82f-ea5df6501805,2,2025-05-24
c5ce5a45-2b0a-40ff-a82f-ea5df6501805,2,2025-07-27
c5ce5a45-2b0a-40ff-a82f-ea5df6501805,2,2025-07-28
c5ce5a45-2b0a-40ff-a82f-ea5df6501805,2,2025-07-29
c5ce5a45-2b0a-40ff-a82f-ea5df6501805,2,2025-07-30
c5ce5a45-2b0a-40ff-a82f-ea5df6501805,2,2025-07-31
c5ce5a45-2b0a-40ff-a82f-ea5df6501805,2,2025-08-01
c5ce5a45-2b0a-40ff-a82f-ea5df6501805,2,2025-08-02
c5ce5a45-2b0a-40ff-a82f-ea5df6501805,2,2025-08-03
c5ce5a45-2b0a-40ff-a82f-ea5df6501805,2,2025-08-14
c5ce5a45-2b0a-40ff-a82f-ea5df6501805,2,2025-08-21
c5ce5a45-2b0a-40ff-a82f-ea5df6501805,2,2025-08-22
c5ce5a45-2b0a-40ff-a82f-ea5df6501805,2,2025-08-23
c5ce5a45-2b0a-40ff-a82f-ea5df6501805,2,2025-08-24
c5ce5a45-2b0a-40ff-a82f-ea5df6501805,2,2025-08-25
c5ce5a45-2b0a-40ff-a82f-ea5df6501805,2,2025-08-26
c5ce5a45-2b0a-40ff-a82f-ea5df6501805,2,2025-08-27
c5ce5a45-2b0a-40ff-a82f-ea5df6501805,2,2025-08-28
c5ce5a45-2b0a-40ff-a82f-ea5df6501805,2,2025-08-29
c5ce5a45-2b0a-40ff-a82f-ea5df6501805,2,2025-08-30
c5ce5a45-2b0a-40ff-a82f-ea5df6501805,2,2025-08-31
c5ce5a45-2b0a-40ff-a82f-ea5df6501805,2,2025-09-01
c5ce5a45-2b0a-40ff-a82f-ea5df6501805,2,2025-09-02
c5ce5a45-2b0a-40ff-a82f-ea5df6501805,2,2025-09-03
c5ce5a45-2b0a-40ff-a82f-ea5df6501805,2,2025-09-04
c5ce5a45-2b0a-40ff-a82f-ea5df6501805,2,2025-10-03
c5ce5a45-2b0a-40ff-a82f-ea5df6501805,2,2025-10-04
c5ce5a45-2b0a-40ff-a82f-ea5df6501805,2,2025-10-05
c5ce5a45-2b0a-40ff-a82f-ea5df6501805,2,2025-12-27
c5ce5a45-2b0a-40ff-a82f-ea5df6501805,2,2025-12-28
c5ce5a45-2b0a-40ff-a82f-ea5df6501805,2,2025-12-29
c5ce5a45-2b0a-40ff-a82f-ea5df6501805,2,2025-12-30
c5ce5a45-2b0a-40ff-a82f-ea5df6501805,2,2025-12-31
c5ce5a45-2b0a-40ff-a82f-ea5df6501805,2,2026-01-01
c5ce5a45-2b0a-40ff-a82f-ea5df6501805,2,2026-01-02
c5ce5a45-2b0a-40ff-a82f-ea5df6501805,2,2026-03-03
c5ce5a45-2b0a-40ff-a82f-ea5df6501805,2,2026-03-20
c5ce5a45-2b0a-40ff-a82f-ea5df6501805,2,2026-03-21
c5ce5a45-2b0a-40ff-a82f-ea5df6501805,2,2026-03-22
c5ce5a45-2b0a-40ff-a82f-ea5df6501805,2,2026-03-23
c5ce5a45-2b0a-40ff-a82f-ea5df6501805,2,2026-03-24
c5ce5a45-2b0a-40ff-a82f-ea5df6501805,2,2026-03-25
c5ce5a45-2b0a-40ff-a82f-ea5df6501805,2,2026-03-26
c5ce5a45-2b0a-40ff-a82f-ea5df6501805,2,2026-03-27
c5ce5a45-2b0a-40ff-a82f-ea5df6501805,2,2026-03-28
c5ce5a45-2b0a-40ff-a82f-ea5df6501805,2,2026-06-15
c5ce5a45-2b0a-40ff-a82f-ea5df6501805,2,2026-06-16
c5ce5a45-2b0a-40ff-a82f-ea5df6501805,2,2026-06-17
c5ce5a45-2b0a-40ff-a82f-ea5df6501805,2,2026-06-18
c5ce5a45-2b0a-40ff-a82f-ea5df6501805,2,2026-06-19
c5ce5a45-2b0a-40ff-a82f-ea5df6501805,2,2026-06-20
c5ce5a45-2b0a-40ff-a82f-ea5df6501805,2,2026-06-21
c5ce5a45-2b0a-40ff-a82f-ea5df6501805,2,2026-06-22
c5ce5a45-2b0a-40ff-a82f-ea5df6501805,2,2026-06-23
c5ce5a45-2b0a-40ff-a82f-ea5df6501805,2,2026-06-24
c71ec1ec-5e2b-4c33-8c89-de5897a207a6,2,2025-07-27
c71ec1ec-5e2b-4c33-8c89-de5897a207a6,2,2025-07-28
c71ec1ec-5e2b-4c33-8c89-de5897a207a6,2,2025-07-29
c71ec1ec-5e2b-4c33-8c89-de5897a207a6,2,2025-07-30
c71ec1ec-5e2b-4c33-8c89-de5897a207a6,2,2025-07-31
c71ec1ec-5e2b-4c33-8c89-de5897a207a6,2,2025-08-01
c71ec1ec-5e2b-4c33-8c89-de5897a207a6,2,2025-08-02
c71ec1ec-5e2b-4c33-8c89-de5897a207a6,2,2025-08-03
c71ec1ec-5e2b-4c33-8c89-de5897a207a6,2,2025-08-04
c71ec1ec-5e2b-4c33-8c89-de5897a207a6,2,2025-08-05
c71ec1ec-5e2b-4c33-8c89-de5897a207a6,2,2025-08-06
c71ec1ec-5e2b-4c33-8c89-de5897a207a6,2,2025-08-07
c71ec1ec-5e2b-4c33-8c89-de5897a207a6,2,2025-08-08
c71ec1ec-5e2b-4c33-8c89-de5897a207a6,2,2025-08-09
c71ec1ec-5e2b-4c33-8c89-de5897a207a6,2,2025-08-22
c71ec1ec-5e2b-4c33-8c89-de5897a207a6,2,2025-10-08
c71ec1ec-5e2b-4c33-8c89-de5897a207a6,2,2025-11-12
c71ec1ec-5e2b-4c33-8c89-de5897a207a6,2,2026-04-07
c71ec1ec-5e2b-4c33-8c89-de5897a207a6,2,2026-04-08
c71ec1ec-5e2b-4c33-8c89-de5897a207a6,2,2026-06-23
c71ec1ec-5e2b-4c33-8c89-de5897a207a6,2,2026-06-24
c71ec1ec-5e2b-4c33-8c89-de5897a207a6,2,2026-07-27
c71ec1ec-5e2b-4c33-8c89-de5897a207a6,2,2026-07-28
c71ec1ec-5e2b-4c33-8c89-de5897a207a6,2,2026-07-29
c71ec1ec-5e2b-4c33-8c89-de5897a207a6,2,2026-07-30
c71ec1ec-5e2b-4c33-8c89-de5897a207a6,2,2026-07-31
c71ec1ec-5e2b-4c33-8c89-de5897a207a6,2,2026-08-01
c71ec1ec-5e2b-4c33-8c89-de5897a207a6,2,2026-08-02
c71ec1ec-5e2b-4c33-8c89-de5897a207a6,2,2026-08-03
c71ec1ec-5e2b-4c33-8c89-de5897a207a6,2,2026-08-04
c71ec1ec-5e2b-4c33-8c89-de5897a207a6,2,2026-08-05
c71ec1ec-5e2b-4c33-8c89-de5897a207a6,2,2026-08-06
c71ec1ec-5e2b-4c33-8c89-de5897a207a6,2,2026-08-07
c71ec1ec-5e2b-4c33-8c89-de5897a207a6,2,2026-08-08
c71ec1ec-5e2b-4c33-8c89-de5897a207a6,2,2026-08-09
c720feeb-93e1-4d88-b275-525f95f377ee,2,2025-01-17
c720feeb-93e1-4d88-b275-525f95f377ee,2,2025-03-28
c720feeb-93e1-4d88-b275-525f95f377ee,2,2025-05-14
c720feeb-93e1-4d88-b275-525f95f377ee,2,2025-05-30
c720feeb-93e1-4d88-b275-525f95f377ee,2,2025-05-31
c720feeb-93e1-4d88-b275-525f95f377ee,2,2025-06-01
c720feeb-93e1-4d88-b275-525f95f377ee,2,2025-06-02
c720feeb-93e1-4d88-b275-525f95f377ee,2,2025-06-03
c720feeb-93e1-4d88-b275-525f95f377ee,2,2025-06-04
c720feeb-93e1-4d88-b275-525f95f377ee,2,2025-06-28
c720feeb-93e1-4d88-b275-525f95f377ee,2,2025-06-29
c720feeb-93e1-4d88-b275-525f95f377ee,2,2025-06-30
c720feeb-93e1-4d88-b275-525f95f377ee,2,2025-07-01
c720feeb-93e1-4d88-b275-525f95f377ee,2,2025-07-02
c720feeb-93e1-4d88-b275-525f95f377ee,2,2025-07-03
c720feeb-93e1-4d88-b275-525f95f377ee,2,2025-07-04
c720feeb-93e1-4d88-b275-525f95f377ee,2,2025-07-05
c720feeb-93e1-4d88-b275-525f95f377ee,2,2025-07-06
c720feeb-93e1-4d88-b275-525f95f377ee,2,2025-08-02
c720feeb-93e1-4d88-b275-525f95f377ee,2,2025-08-03
c720feeb-93e1-4d88-b275-525f95f377ee,2,2025-08-04
c720feeb-93e1-4d88-b275-525f95f377ee,2,2025-08-05
c720feeb-93e1-4d88-b275-525f95f377ee,2,2025-08-06
c720feeb-93e1-4d88-b275-525f95f377ee,2,2025-08-07
c720feeb-93e1-4d88-b275-525f95f377ee,2,2025-08-08
c720feeb-93e1-4d88-b275-525f95f377ee,2,2025-08-09
c720feeb-93e1-4d88-b275-525f95f377ee,2,2025-08-10
c720feeb-93e1-4d88-b275-525f95f377ee,2,2025-08-11
c720feeb-93e1-4d88-b275-525f95f377ee,2,2025-08-12
c720feeb-93e1-4d88-b275-525f95f377ee,2,2025-08-13
c720feeb-93e1-4d88-b275-525f95f377ee,2,2025-08-14
c720feeb-93e1-4d88-b275-525f95f377ee,2,2025-08-15
c720feeb-93e1-4d88-b275-525f95f377ee,2,2025-08-16
c720feeb-93e1-4d88-b275-525f95f377ee,2,2025-10-06
c720feeb-93e1-4d88-b275-525f95f377ee,2,2025-10-15
c720feeb-93e1-4d88-b275-525f95f377ee,2,2025-10-16
c720feeb-93e1-4d88-b275-525f95f377ee,2,2025-10-17
c720feeb-93e1-4d88-b275-525f95f377ee,2,2025-10-18
c720feeb-93e1-4d88-b275-525f95f377ee,2,2025-10-19
c720feeb-93e1-4d88-b275-525f95f377ee,2,2025-10-20
c720feeb-93e1-4d88-b275-525f95f377ee,2,2025-10-21
c720feeb-93e1-4d88-b275-525f95f377ee,2,2025-10-22
c720feeb-93e1-4d88-b275-525f95f377ee,2,2025-11-24
c720feeb-93e1-4d88-b275-525f95f377ee,2,2025-11-25
c720feeb-93e1-4d88-b275-525f95f377ee,2,2025-11-26
c720feeb-93e1-4d88-b275-525f95f377ee,2,2025-12-24
c720feeb-93e1-4d88-b275-525f95f377ee,2,2025-12-25
c720feeb-93e1-4d88-b275-525f95f377ee,2,2025-12-27
c720feeb-93e1-4d88-b275-525f95f377ee,2,2025-12-29
c720feeb-93e1-4d88-b275-525f95f377ee,2,2026-03-31
c720feeb-93e1-4d88-b275-525f95f377ee,2,2026-04-01
c720feeb-93e1-4d88-b275-525f95f377ee,2,2026-05-25
c720feeb-93e1-4d88-b275-525f95f377ee,2,2026-05-30
c720feeb-93e1-4d88-b275-525f95f377ee,2,2026-05-31
c720feeb-93e1-4d88-b275-525f95f377ee,2,2026-06-01
c720feeb-93e1-4d88-b275-525f95f377ee,2,2026-06-02
c720feeb-93e1-4d88-b275-525f95f377ee,2,2026-06-20
c720feeb-93e1-4d88-b275-525f95f377ee,2,2026-06-21
c720feeb-93e1-4d88-b275-525f95f377ee,2,2026-06-22
c720feeb-93e1-4d88-b275-525f95f377ee,2,2026-06-23
c720feeb-93e1-4d88-b275-525f95f377ee,2,2026-06-24
c720feeb-93e1-4d88-b275-525f95f377ee,2,2026-06-25
c720feeb-93e1-4d88-b275-525f95f377ee,2,2026-06-26
c720feeb-93e1-4d88-b275-525f95f377ee,2,2026-06-27
c720feeb-93e1-4d88-b275-525f95f377ee,2,2026-08-01
c720feeb-93e1-4d88-b275-525f95f377ee,2,2026-08-02
c720feeb-93e1-4d88-b275-525f95f377ee,2,2026-08-03
c720feeb-93e1-4d88-b275-525f95f377ee,2,2026-08-04
c720feeb-93e1-4d88-b275-525f95f377ee,2,2026-08-05
c720feeb-93e1-4d88-b275-525f95f377ee,2,2026-08-06
c720feeb-93e1-4d88-b275-525f95f377ee,2,2026-08-07
c720feeb-93e1-4d88-b275-525f95f377ee,2,2026-08-08
c720feeb-93e1-4d88-b275-525f95f377ee,2,2026-08-09
c720feeb-93e1-4d88-b275-525f95f377ee,2,2026-08-10
c720feeb-93e1-4d88-b275-525f95f377ee,2,2026-08-11
c720feeb-93e1-4d88-b275-525f95f377ee,2,2026-08-12
c720feeb-93e1-4d88-b275-525f95f377ee,2,2026-08-13
c720feeb-93e1-4d88-b275-525f95f377ee,2,2026-08-14
c720feeb-93e1-4d88-b275-525f95f377ee,2,2026-08-15
d5900ef2-17fd-42da-b9ea-b20a194fec05,2,2025-06-08
d5900ef2-17fd-42da-b9ea-b20a194fec05,2,2025-06-09
d5900ef2-17fd-42da-b9ea-b20a194fec05,2,2025-06-10
d5900ef2-17fd-42da-b9ea-b20a194fec05,2,2025-06-11
d5900ef2-17fd-42da-b9ea-b20a194fec05,2,2025-06-12
d5900ef2-17fd-42da-b9ea-b20a194fec05,2,2025-06-13
d5900ef2-17fd-42da-b9ea-b20a194fec05,2,2025-06-14
d5900ef2-17fd-42da-b9ea-b20a194fec05,2,2025-06-15
d5900ef2-17fd-42da-b9ea-b20a194fec05,2,2025-06-16
d5900ef2-17fd-42da-b9ea-b20a194fec05,2,2025-06-17
d5900ef2-17fd-42da-b9ea-b20a194fec05,2,2025-06-18
d5900ef2-17fd-42da-b9ea-b20a194fec05,2,2025-06-19
d5900ef2-17fd-42da-b9ea-b20a194fec05,2,2025-06-20
d5900ef2-17fd-42da-b9ea-b20a194fec05,2,2025-06-21
d5900ef2-17fd-42da-b9ea-b20a194fec05,2,2025-06-22
d5900ef2-17fd-42da-b9ea-b20a194fec05,2,2025-06-23
d5900ef2-17fd-42da-b9ea-b20a194fec05,2,2025-06-24
d5900ef2-17fd-42da-b9ea-b20a194fec05,2,2025-06-25
d5900ef2-17fd-42da-b9ea-b20a194fec05,2,2025-06-26
d5900ef2-17fd-42da-b9ea-b20a194fec05,2,2025-06-27
d5900ef2-17fd-42da-b9ea-b20a194fec05,2,2025-06-28
d5900ef2-17fd-42da-b9ea-b20a194fec05,2,2025-06-29
d5900ef2-17fd-42da-b9ea-b20a194fec05,2,2025-06-30
d5900ef2-17fd-42da-b9ea-b20a194fec05,2,2025-07-01
d5900ef2-17fd-42da-b9ea-b20a194fec05,2,2025-07-02
d5900ef2-17fd-42da-b9ea-b20a194fec05,2,2025-07-03
d5900ef2-17fd-42da-b9ea-b20a194fec05,2,2025-07-04
d5900ef2-17fd-42da-b9ea-b20a194fec05,2,2025-07-05
d5900ef2-17fd-42da-b9ea-b20a194fec05,2,2025-07-06
d5900ef2-17fd-42da-b9ea-b20a194fec05,2,2025-07-07
d5900ef2-17fd-42da-b9ea-b20a194fec05,2,2025-07-08
d5900ef2-17fd-42da-b9ea-b20a194fec05,2,2025-07-09
d5900ef2-17fd-42da-b9ea-b20a194fec05,2,2025-07-10
d5900ef2-17fd-42da-b9ea-b20a194fec05,2,2025-07-11
d5900ef2-17fd-42da-b9ea-b20a194fec05,2,2025-07-12
d5900ef2-17fd-42da-b9ea-b20a194fec05,2,2025-07-13
d5900ef2-17fd-42da-b9ea-b20a194fec05,2,2025-07-14
d5900ef2-17fd-42da-b9ea-b20a194fec05,2,2025-07-15
d5900ef2-17fd-42da-b9ea-b20a194fec05,2,2025-07-16
d5900ef2-17fd-42da-b9ea-b20a194fec05,2,2025-07-17
d5900ef2-17fd-42da-b9ea-b20a194fec05,2,2025-07-18
d5900ef2-17fd-42da-b9ea-b20a194fec05,2,2025-07-19
d5900ef2-17fd-42da-b9ea-b20a194fec05,2,2025-07-20
d5900ef2-17fd-42da-b9ea-b20a194fec05,2,2025-07-21
d5900ef2-17fd-42da-b9ea-b20a194fec05,2,2025-07-22
d5900ef2-17fd-42da-b9ea-b20a194fec05,2,2025-07-23
d5900ef2-17fd-42da-b9ea-b20a194fec05,2,2025-07-24
d5900ef2-17fd-42da-b9ea-b20a194fec05,2,2025-07-25
d5900ef2-17fd-42da-b9ea-b20a194fec05,2,2025-07-26
d5900ef2-17fd-42da-b9ea-b20a194fec05,2,2025-07-27
d5900ef2-17fd-42da-b9ea-b20a194fec05,2,2025-07-28
d5900ef2-17fd-42da-b9ea-b20a194fec05,2,2025-07-29
d5900ef2-17fd-42da-b9ea-b20a194fec05,2,2025-07-30
d5900ef2-17fd-42da-b9ea-b20a194fec05,2,2025-07-31
d5900ef2-17fd-42da-b9ea-b20a194fec05,2,2025-08-01
d5900ef2-17fd-42da-b9ea-b20a194fec05,2,2025-08-02
d5900ef2-17fd-42da-b9ea-b20a194fec05,2,2025-08-03
d5900ef2-17fd-42da-b9ea-b20a194fec05,2,2025-08-04
d5900ef2-17fd-42da-b9ea-b20a194fec05,2,2025-08-05
d5900ef2-17fd-42da-b9ea-b20a194fec05,2,2025-08-06
d5900ef2-17fd-42da-b9ea-b20a194fec05,2,2025-08-07
d5900ef2-17fd-42da-b9ea-b20a194fec05,2,2025-08-08
d5900ef2-17fd-42da-b9ea-b20a194fec05,2,2025-08-09
d5900ef2-17fd-42da-b9ea-b20a194fec05,2,2025-08-10
d5900ef2-17fd-42da-b9ea-b20a194fec05,2,2025-08-11
d5900ef2-17fd-42da-b9ea-b20a194fec05,2,2025-08-12
d5900ef2-17fd-42da-b9ea-b20a194fec05,2,2025-08-13
d5900ef2-17fd-42da-b9ea-b20a194fec05,2,2025-08-14
d5900ef2-17fd-42da-b9ea-b20a194fec05,2,2025-08-15
d5900ef2-17fd-42da-b9ea-b20a194fec05,2,2025-08-16
d5900ef2-17fd-42da-b9ea-b20a194fec05,2,2025-08-17
d5900ef2-17fd-42da-b9ea-b20a194fec05,2,2025-08-18
d5900ef2-17fd-42da-b9ea-b20a194fec05,2,2025-08-19
d5900ef2-17fd-42da-b9ea-b20a194fec05,2,2025-08-20
d5900ef2-17fd-42da-b9ea-b20a194fec05,2,2025-08-21
d5900ef2-17fd-42da-b9ea-b20a194fec05,2,2025-08-22
d5900ef2-17fd-42da-b9ea-b20a194fec05,2,2025-08-23
d5900ef2-17fd-42da-b9ea-b20a194fec05,2,2025-08-24
d5900ef2-17fd-42da-b9ea-b20a194fec05,2,2025-08-25
d5900ef2-17fd-42da-b9ea-b20a194fec05,2,2025-08-26
d5900ef2-17fd-42da-b9ea-b20a194fec05,2,2025-08-27
d5900ef2-17fd-42da-b9ea-b20a194fec05,2,2025-08-28
d5900ef2-17fd-42da-b9ea-b20a194fec05,2,2025-08-29
d5900ef2-17fd-42da-b9ea-b20a194fec05,2,2025-08-30
d5900ef2-17fd-42da-b9ea-b20a194fec05,2,2025-08-31
d5900ef2-17fd-42da-b9ea-b20a194fec05,2,2025-09-01
d5900ef2-17fd-42da-b9ea-b20a194fec05,2,2025-09-01
d5900ef2-17fd-42da-b9ea-b20a194fec05,2,2025-09-02
d5900ef2-17fd-42da-b9ea-b20a194fec05,2,2025-09-02
d5900ef2-17fd-42da-b9ea-b20a194fec05,2,2025-09-03
d5900ef2-17fd-42da-b9ea-b20a194fec05,2,2025-09-03
d5900ef2-17fd-42da-b9ea-b20a194fec05,2,2025-09-04
d5900ef2-17fd-42da-b9ea-b20a194fec05,2,2025-09-04
d5900ef2-17fd-42da-b9ea-b20a194fec05,2,2025-09-05
d5900ef2-17fd-42da-b9ea-b20a194fec05,2,2025-09-05
d5900ef2-17fd-42da-b9ea-b20a194fec05,2,2025-09-06
d5900ef2-17fd-42da-b9ea-b20a194fec05,2,2025-09-06
d5900ef2-17fd-42da-b9ea-b20a194fec05,2,2025-09-07
d5900ef2-17fd-42da-b9ea-b20a194fec05,2,2025-09-07
d5900ef2-17fd-42da-b9ea-b20a194fec05,2,2025-09-08
d5900ef2-17fd-42da-b9ea-b20a194fec05,2,2025-09-08
d5900ef2-17fd-42da-b9ea-b20a194fec05,2,2025-09-09
d5900ef2-17fd-42da-b9ea-b20a194fec05,2,2025-09-09
d5900ef2-17fd-42da-b9ea-b20a194fec05,2,2025-09-10
d5900ef2-17fd-42da-b9ea-b20a194fec05,2,2025-09-10
d5900ef2-17fd-42da-b9ea-b20a194fec05,2,2025-09-11
d5900ef2-17fd-42da-b9ea-b20a194fec05,2,2025-09-11
d5900ef2-17fd-42da-b9ea-b20a194fec05,2,2025-09-12
d5900ef2-17fd-42da-b9ea-b20a194fec05,2,2025-09-12
d5900ef2-17fd-42da-b9ea-b20a194fec05,2,2025-09-13
d5900ef2-17fd-42da-b9ea-b20a194fec05,2,2025-09-13
d5900ef2-17fd-42da-b9ea-b20a194fec05,2,2025-09-14
d5900ef2-17fd-42da-b9ea-b20a194fec05,2,2025-09-14
d5900ef2-17fd-42da-b9ea-b20a194fec05,2,2025-09-15
d5900ef2-17fd-42da-b9ea-b20a194fec05,2,2025-09-15
d5900ef2-17fd-42da-b9ea-b20a194fec05,2,2025-09-16
d5900ef2-17fd-42da-b9ea-b20a194fec05,2,2025-09-16
d5900ef2-17fd-42da-b9ea-b20a194fec05,2,2025-09-17
d5900ef2-17fd-42da-b9ea-b20a194fec05,2,2025-09-18
d5900ef2-17fd-42da-b9ea-b20a194fec05,2,2025-09-19
d5900ef2-17fd-42da-b9ea-b20a194fec05,2,2025-09-20
d5900ef2-17fd-42da-b9ea-b20a194fec05,2,2025-09-21
d5900ef2-17fd-42da-b9ea-b20a194fec05,2,2025-09-22
d5900ef2-17fd-42da-b9ea-b20a194fec05,2,2025-09-23
d5900ef2-17fd-42da-b9ea-b20a194fec05,2,2025-09-24
d5900ef2-17fd-42da-b9ea-b20a194fec05,2,2025-09-25
d5900ef2-17fd-42da-b9ea-b20a194fec05,2,2025-09-26
d5900ef2-17fd-42da-b9ea-b20a194fec05,2,2025-09-27
d5900ef2-17fd-42da-b9ea-b20a194fec05,2,2025-09-28
d5900ef2-17fd-42da-b9ea-b20a194fec05,2,2025-09-29
d5900ef2-17fd-42da-b9ea-b20a194fec05,2,2025-09-30
d5900ef2-17fd-42da-b9ea-b20a194fec05,2,2025-10-06
d5900ef2-17fd-42da-b9ea-b20a194fec05,2,2025-10-07
d5900ef2-17fd-42da-b9ea-b20a194fec05,2,2025-10-08
d5900ef2-17fd-42da-b9ea-b20a194fec05,2,2025-10-09
d5900ef2-17fd-42da-b9ea-b20a194fec05,2,2025-10-10
d5900ef2-17fd-42da-b9ea-b20a194fec05,2,2025-10-11
d5900ef2-17fd-42da-b9ea-b20a194fec05,2,2025-10-12
d5900ef2-17fd-42da-b9ea-b20a194fec05,2,2025-10-13
d5900ef2-17fd-42da-b9ea-b20a194fec05,2,2025-10-14
d5900ef2-17fd-42da-b9ea-b20a194fec05,2,2025-10-15
d5900ef2-17fd-42da-b9ea-b20a194fec05,2,2025-10-16
d5900ef2-17fd-42da-b9ea-b20a194fec05,2,2025-10-17
d5900ef2-17fd-42da-b9ea-b20a194fec05,2,2025-10-18
d5900ef2-17fd-42da-b9ea-b20a194fec05,2,2025-10-19
d5900ef2-17fd-42da-b9ea-b20a194fec05,2,2025-10-20
d5900ef2-17fd-42da-b9ea-b20a194fec05,2,2025-10-21
d5900ef2-17fd-42da-b9ea-b20a194fec05,2,2025-10-22
d5900ef2-17fd-42da-b9ea-b20a194fec05,2,2025-10-23
d5900ef2-17fd-42da-b9ea-b20a194fec05,2,2025-10-24
d5900ef2-17fd-42da-b9ea-b20a194fec05,2,2025-10-25
d5900ef2-17fd-42da-b9ea-b20a194fec05,2,2025-10-26
d5900ef2-17fd-42da-b9ea-b20a194fec05,2,2025-10-27
d5900ef2-17fd-42da-b9ea-b20a194fec05,2,2025-10-28
d5900ef2-17fd-42da-b9ea-b20a194fec05,2,2025-10-29
d5900ef2-17fd-42da-b9ea-b20a194fec05,2,2025-10-30
d5900ef2-17fd-42da-b9ea-b20a194fec05,2,2025-10-31
d5900ef2-17fd-42da-b9ea-b20a194fec05,2,2025-11-01
d5900ef2-17fd-42da-b9ea-b20a194fec05,2,2025-12-25
d5900ef2-17fd-42da-b9ea-b20a194fec05,2,2026-01-02
d5900ef2-17fd-42da-b9ea-b20a194fec05,2,2026-05-20
d5900ef2-17fd-42da-b9ea-b20a194fec05,2,2026-05-21
d5900ef2-17fd-42da-b9ea-b20a194fec05,2,2026-05-22
d5900ef2-17fd-42da-b9ea-b20a194fec05,2,2026-05-23
d5900ef2-17fd-42da-b9ea-b20a194fec05,2,2026-06-22
d5900ef2-17fd-42da-b9ea-b20a194fec05,2,2026-06-23
d5900ef2-17fd-42da-b9ea-b20a194fec05,2,2026-06-24
d5900ef2-17fd-42da-b9ea-b20a194fec05,2,2026-06-25
d5900ef2-17fd-42da-b9ea-b20a194fec05,2,2026-06-26
d5900ef2-17fd-42da-b9ea-b20a194fec05,2,2026-06-27
d5900ef2-17fd-42da-b9ea-b20a194fec05,2,2026-06-28
d5900ef2-17fd-42da-b9ea-b20a194fec05,2,2026-07-13
d5900ef2-17fd-42da-b9ea-b20a194fec05,2,2026-07-14
d5900ef2-17fd-42da-b9ea-b20a194fec05,2,2026-07-15
d5900ef2-17fd-42da-b9ea-b20a194fec05,2,2026-07-16
d5900ef2-17fd-42da-b9ea-b20a194fec05,2,2026-07-17
d5900ef2-17fd-42da-b9ea-b20a194fec05,2,2026-07-18
d5900ef2-17fd-42da-b9ea-b20a194fec05,2,2026-07-19
d6bb32c2-721c-4e93-b32d-96b031accd42,2,2026-07-01
d6bb32c2-721c-4e93-b32d-96b031accd42,2,2026-07-02
d6bb32c2-721c-4e93-b32d-96b031accd42,2,2026-07-03
d6bb32c2-721c-4e93-b32d-96b031accd42,2,2026-07-04
d6bb32c2-721c-4e93-b32d-96b031accd42,2,2026-07-05
d6bb32c2-721c-4e93-b32d-96b031accd42,2,2026-07-06
d6bb32c2-721c-4e93-b32d-96b031accd42,2,2026-07-07
d6bb32c2-721c-4e93-b32d-96b031accd42,2,2026-07-08
d6bb32c2-721c-4e93-b32d-96b031accd42,2,2026-07-09
d6bb32c2-721c-4e93-b32d-96b031accd42,2,2026-07-10
d6bb32c2-721c-4e93-b32d-96b031accd42,2,2026-07-11
d6bb32c2-721c-4e93-b32d-96b031accd42,2,2026-07-12
d6bb32c2-721c-4e93-b32d-96b031accd42,2,2026-07-13
d6bb32c2-721c-4e93-b32d-96b031accd42,2,2026-07-14
d6d79627-a1ee-4178-bd78-110fa1f3c100,2,2026-03-25
d6d79627-a1ee-4178-bd78-110fa1f3c100,2,2026-03-30
d6d79627-a1ee-4178-bd78-110fa1f3c100,2,2026-03-31
d6d79627-a1ee-4178-bd78-110fa1f3c100,2,2026-04-01
d71b50b4-750e-4644-9786-becc6520c6d7,2,2025-03-16
d71b50b4-750e-4644-9786-becc6520c6d7,2,2025-03-25
d71b50b4-750e-4644-9786-becc6520c6d7,2,2025-05-02
d71b50b4-750e-4644-9786-becc6520c6d7,2,2025-05-03
d71b50b4-750e-4644-9786-becc6520c6d7,2,2025-05-04
d71b50b4-750e-4644-9786-becc6520c6d7,2,2025-05-05
d71b50b4-750e-4644-9786-becc6520c6d7,2,2025-05-12
d71b50b4-750e-4644-9786-becc6520c6d7,2,2025-05-20
d71b50b4-750e-4644-9786-becc6520c6d7,2,2025-06-17
d71b50b4-750e-4644-9786-becc6520c6d7,2,2025-07-30
d71b50b4-750e-4644-9786-becc6520c6d7,2,2025-07-31
d71b50b4-750e-4644-9786-becc6520c6d7,2,2025-08-06
d71b50b4-750e-4644-9786-becc6520c6d7,2,2025-08-07
d71b50b4-750e-4644-9786-becc6520c6d7,2,2025-10-06
d71b50b4-750e-4644-9786-becc6520c6d7,2,2025-10-09
d71b50b4-750e-4644-9786-becc6520c6d7,2,2025-10-27
d71b50b4-750e-4644-9786-becc6520c6d7,2,2025-10-28
d71b50b4-750e-4644-9786-becc6520c6d7,2,2025-10-29
d71b50b4-750e-4644-9786-becc6520c6d7,2,2025-10-30
d71b50b4-750e-4644-9786-becc6520c6d7,2,2025-10-31
d71b50b4-750e-4644-9786-becc6520c6d7,2,2025-11-01
d71b50b4-750e-4644-9786-becc6520c6d7,2,2025-11-02
d71b50b4-750e-4644-9786-becc6520c6d7,2,2025-11-03
d71b50b4-750e-4644-9786-becc6520c6d7,2,2025-11-04
d71b50b4-750e-4644-9786-becc6520c6d7,2,2025-11-05
d71b50b4-750e-4644-9786-becc6520c6d7,2,2025-11-06
d71b50b4-750e-4644-9786-becc6520c6d7,2,2025-11-07
d71b50b4-750e-4644-9786-becc6520c6d7,2,2025-11-08
d71b50b4-750e-4644-9786-becc6520c6d7,2,2025-11-09
d71b50b4-750e-4644-9786-becc6520c6d7,2,2025-11-10
d71b50b4-750e-4644-9786-becc6520c6d7,2,2025-11-11
d71b50b4-750e-4644-9786-becc6520c6d7,2,2025-11-12
d71b50b4-750e-4644-9786-becc6520c6d7,2,2025-11-13
d71b50b4-750e-4644-9786-becc6520c6d7,2,2025-11-14
d71b50b4-750e-4644-9786-becc6520c6d7,2,2025-11-15
d71b50b4-750e-4644-9786-becc6520c6d7,2,2025-11-16
d71b50b4-750e-4644-9786-becc6520c6d7,2,2025-12-27
d71b50b4-750e-4644-9786-becc6520c6d7,2,2025-12-28
d71b50b4-750e-4644-9786-becc6520c6d7,2,2026-01-31
d71b50b4-750e-4644-9786-becc6520c6d7,2,2026-02-01
d71b50b4-750e-4644-9786-becc6520c6d7,2,2026-04-02
d71b50b4-750e-4644-9786-becc6520c6d7,2,2026-04-24
d71b50b4-750e-4644-9786-becc6520c6d7,2,2026-04-25
d71b50b4-750e-4644-9786-becc6520c6d7,2,2026-04-26
d71b50b4-750e-4644-9786-becc6520c6d7,2,2026-06-19
d71b50b4-750e-4644-9786-becc6520c6d7,2,2026-06-20
d71b50b4-750e-4644-9786-becc6520c6d7,2,2026-06-21
d71b50b4-750e-4644-9786-becc6520c6d7,2,2026-06-29
d71b50b4-750e-4644-9786-becc6520c6d7,2,2026-06-30
d71b50b4-750e-4644-9786-becc6520c6d7,2,2026-07-01
d71b50b4-750e-4644-9786-becc6520c6d7,2,2026-07-02
d71b50b4-750e-4644-9786-becc6520c6d7,2,2026-07-03
d71b50b4-750e-4644-9786-becc6520c6d7,2,2026-07-04
d71b50b4-750e-4644-9786-becc6520c6d7,2,2026-07-05
d71b50b4-750e-4644-9786-becc6520c6d7,2,2026-08-25
d71b50b4-750e-4644-9786-becc6520c6d7,2,2026-08-26
d71b50b4-750e-4644-9786-becc6520c6d7,2,2026-08-27
d71b50b4-750e-4644-9786-becc6520c6d7,2,2026-08-28
d71b50b4-750e-4644-9786-becc6520c6d7,2,2026-08-29
d71b50b4-750e-4644-9786-becc6520c6d7,2,2026-08-30
e224e0ba-d92c-4e70-b675-2ff7e293c27c,2,2025-12-09
e224e0ba-d92c-4e70-b675-2ff7e293c27c,2,2025-12-23
e224e0ba-d92c-4e70-b675-2ff7e293c27c,2,2025-12-24
e224e0ba-d92c-4e70-b675-2ff7e293c27c,2,2025-12-29
e224e0ba-d92c-4e70-b675-2ff7e293c27c,2,2025-12-30
e224e0ba-d92c-4e70-b675-2ff7e293c27c,2,2025-12-31
e224e0ba-d92c-4e70-b675-2ff7e293c27c,2,2026-01-01
e224e0ba-d92c-4e70-b675-2ff7e293c27c,2,2026-01-05
e224e0ba-d92c-4e70-b675-2ff7e293c27c,2,2026-01-23
e224e0ba-d92c-4e70-b675-2ff7e293c27c,2,2026-01-26
e224e0ba-d92c-4e70-b675-2ff7e293c27c,2,2026-02-12
e224e0ba-d92c-4e70-b675-2ff7e293c27c,2,2026-02-23
e224e0ba-d92c-4e70-b675-2ff7e293c27c,2,2026-03-20
e224e0ba-d92c-4e70-b675-2ff7e293c27c,2,2026-03-23
e224e0ba-d92c-4e70-b675-2ff7e293c27c,2,2026-04-03
e224e0ba-d92c-4e70-b675-2ff7e293c27c,2,2026-04-14
e224e0ba-d92c-4e70-b675-2ff7e293c27c,2,2026-04-27
f03ea971-0ec2-4be7-aae9-364f3922b741,2,2025-03-31
f03ea971-0ec2-4be7-aae9-364f3922b741,2,2025-04-01
f03ea971-0ec2-4be7-aae9-364f3922b741,2,2025-04-17
f03ea971-0ec2-4be7-aae9-364f3922b741,2,2025-05-15
f03ea971-0ec2-4be7-aae9-364f3922b741,2,2025-09-01
f03ea971-0ec2-4be7-aae9-364f3922b741,2,2025-09-02
f03ea971-0ec2-4be7-aae9-364f3922b741,2,2025-09-03
f03ea971-0ec2-4be7-aae9-364f3922b741,2,2025-09-04
f03ea971-0ec2-4be7-aae9-364f3922b741,2,2025-09-05
f03ea971-0ec2-4be7-aae9-364f3922b741,2,2025-09-06
f03ea971-0ec2-4be7-aae9-364f3922b741,2,2025-09-07
f03ea971-0ec2-4be7-aae9-364f3922b741,2,2025-09-08
f03ea971-0ec2-4be7-aae9-364f3922b741,2,2025-09-09
f03ea971-0ec2-4be7-aae9-364f3922b741,2,2025-09-10
f03ea971-0ec2-4be7-aae9-364f3922b741,2,2025-09-11
f03ea971-0ec2-4be7-aae9-364f3922b741,2,2025-09-12
f03ea971-0ec2-4be7-aae9-364f3922b741,2,2025-09-13
f03ea971-0ec2-4be7-aae9-364f3922b741,2,2025-09-14
f03ea971-0ec2-4be7-aae9-364f3922b741,2,2025-09-15
f03ea971-0ec2-4be7-aae9-364f3922b741,2,2025-09-16
f03ea971-0ec2-4be7-aae9-364f3922b741,2,2025-09-17
f03ea971-0ec2-4be7-aae9-364f3922b741,2,2025-09-18
f03ea971-0ec2-4be7-aae9-364f3922b741,2,2025-09-19
f03ea971-0ec2-4be7-aae9-364f3922b741,2,2025-09-20
f03ea971-0ec2-4be7-aae9-364f3922b741,2,2025-09-21
f03ea971-0ec2-4be7-aae9-364f3922b741,2,2025-09-22
f03ea971-0ec2-4be7-aae9-364f3922b741,2,2025-09-23
f03ea971-0ec2-4be7-aae9-364f3922b741,2,2025-09-24
f03ea971-0ec2-4be7-aae9-364f3922b741,2,2025-09-25
f03ea971-0ec2-4be7-aae9-364f3922b741,2,2025-09-26
f03ea971-0ec2-4be7-aae9-364f3922b741,2,2025-09-27
f03ea971-0ec2-4be7-aae9-364f3922b741,2,2025-09-28
f03ea971-0ec2-4be7-aae9-364f3922b741,2,2025-09-29
f03ea971-0ec2-4be7-aae9-364f3922b741,2,2025-09-30
f03ea971-0ec2-4be7-aae9-364f3922b741,2,2025-10-01
f03ea971-0ec2-4be7-aae9-364f3922b741,2,2025-10-02
f03ea971-0ec2-4be7-aae9-364f3922b741,2,2025-10-03
f03ea971-0ec2-4be7-aae9-364f3922b741,2,2025-10-04
f03ea971-0ec2-4be7-aae9-364f3922b741,2,2025-10-05
f03ea971-0ec2-4be7-aae9-364f3922b741,2,2025-10-06
f03ea971-0ec2-4be7-aae9-364f3922b741,2,2025-10-07
f03ea971-0ec2-4be7-aae9-364f3922b741,2,2025-10-08
f03ea971-0ec2-4be7-aae9-364f3922b741,2,2025-10-09
f03ea971-0ec2-4be7-aae9-364f3922b741,2,2025-10-10
f03ea971-0ec2-4be7-aae9-364f3922b741,2,2025-10-11
f03ea971-0ec2-4be7-aae9-364f3922b741,2,2025-10-12
f03ea971-0ec2-4be7-aae9-364f3922b741,2,2025-10-13
f03ea971-0ec2-4be7-aae9-364f3922b741,2,2025-10-14
f03ea971-0ec2-4be7-aae9-364f3922b741,2,2025-10-15
f03ea971-0ec2-4be7-aae9-364f3922b741,2,2025-10-16
f03ea971-0ec2-4be7-aae9-364f3922b741,2,2025-10-17
f03ea971-0ec2-4be7-aae9-364f3922b741,2,2025-10-18
f03ea971-0ec2-4be7-aae9-364f3922b741,2,2025-10-19
f03ea971-0ec2-4be7-aae9-364f3922b741,2,2025-10-20
f03ea971-0ec2-4be7-aae9-364f3922b741,2,2025-10-21
f03ea971-0ec2-4be7-aae9-364f3922b741,2,2025-10-22
f03ea971-0ec2-4be7-aae9-364f3922b741,2,2025-10-23
f03ea971-0ec2-4be7-aae9-364f3922b741,2,2025-10-24
f03ea971-0ec2-4be7-aae9-364f3922b741,2,2025-10-25
f03ea971-0ec2-4be7-aae9-364f3922b741,2,2025-10-26
f03ea971-0ec2-4be7-aae9-364f3922b741,2,2025-10-27
f03ea971-0ec2-4be7-aae9-364f3922b741,2,2025-10-28
f03ea971-0ec2-4be7-aae9-364f3922b741,2,2025-10-29
f03ea971-0ec2-4be7-aae9-364f3922b741,2,2025-10-30
f03ea971-0ec2-4be7-aae9-364f3922b741,2,2025-10-31
f03ea971-0ec2-4be7-aae9-364f3922b741,2,2025-11-01
f03ea971-0ec2-4be7-aae9-364f3922b741,2,2025-11-01
f03ea971-0ec2-4be7-aae9-364f3922b741,2,2025-11-02
f03ea971-0ec2-4be7-aae9-364f3922b741,2,2025-11-02
f03ea971-0ec2-4be7-aae9-364f3922b741,2,2025-11-03
f03ea971-0ec2-4be7-aae9-364f3922b741,2,2025-11-03
f03ea971-0ec2-4be7-aae9-364f3922b741,2,2025-11-04
f03ea971-0ec2-4be7-aae9-364f3922b741,2,2025-11-04
f03ea971-0ec2-4be7-aae9-364f3922b741,2,2025-11-05
f03ea971-0ec2-4be7-aae9-364f3922b741,2,2025-11-05
f03ea971-0ec2-4be7-aae9-364f3922b741,2,2025-11-06
f03ea971-0ec2-4be7-aae9-364f3922b741,2,2025-11-06
f03ea971-0ec2-4be7-aae9-364f3922b741,2,2025-11-07
f03ea971-0ec2-4be7-aae9-364f3922b741,2,2025-11-07
f03ea971-0ec2-4be7-aae9-364f3922b741,2,2025-11-08
f03ea971-0ec2-4be7-aae9-364f3922b741,2,2025-11-08
f03ea971-0ec2-4be7-aae9-364f3922b741,2,2025-11-09
f03ea971-0ec2-4be7-aae9-364f3922b741,2,2025-11-10
f03ea971-0ec2-4be7-aae9-364f3922b741,2,2025-11-11
f03ea971-0ec2-4be7-aae9-364f3922b741,2,2025-11-12
f03ea971-0ec2-4be7-aae9-364f3922b741,2,2025-11-13
f03ea971-0ec2-4be7-aae9-364f3922b741,2,2025-11-14
f03ea971-0ec2-4be7-aae9-364f3922b741,2,2025-11-15
f03ea971-0ec2-4be7-aae9-364f3922b741,2,2025-11-16
f03ea971-0ec2-4be7-aae9-364f3922b741,2,2025-11-17
f03ea971-0ec2-4be7-aae9-364f3922b741,2,2025-11-18
f03ea971-0ec2-4be7-aae9-364f3922b741,2,2025-11-19
f03ea971-0ec2-4be7-aae9-364f3922b741,2,2025-11-20
f03ea971-0ec2-4be7-aae9-364f3922b741,2,2025-11-21
f03ea971-0ec2-4be7-aae9-364f3922b741,2,2025-11-22
f03ea971-0ec2-4be7-aae9-364f3922b741,2,2025-11-23
f03ea971-0ec2-4be7-aae9-364f3922b741,2,2025-11-24
f03ea971-0ec2-4be7-aae9-364f3922b741,2,2025-11-25
f03ea971-0ec2-4be7-aae9-364f3922b741,2,2025-11-26
f03ea971-0ec2-4be7-aae9-364f3922b741,2,2025-11-27
f03ea971-0ec2-4be7-aae9-364f3922b741,2,2025-11-28
f03ea971-0ec2-4be7-aae9-364f3922b741,2,2025-11-29
f03ea971-0ec2-4be7-aae9-364f3922b741,2,2025-11-30
f03ea971-0ec2-4be7-aae9-364f3922b741,2,2026-01-08
f03ea971-0ec2-4be7-aae9-364f3922b741,2,2026-01-09
f03ea971-0ec2-4be7-aae9-364f3922b741,2,2026-01-10
f03ea971-0ec2-4be7-aae9-364f3922b741,2,2026-01-11
f03ea971-0ec2-4be7-aae9-364f3922b741,2,2026-01-12
f03ea971-0ec2-4be7-aae9-364f3922b741,2,2026-01-13
f03ea971-0ec2-4be7-aae9-364f3922b741,2,2026-01-14
f03ea971-0ec2-4be7-aae9-364f3922b741,2,2026-01-15
f03ea971-0ec2-4be7-aae9-364f3922b741,2,2026-01-16
f03ea971-0ec2-4be7-aae9-364f3922b741,2,2026-01-17
f03ea971-0ec2-4be7-aae9-364f3922b741,2,2026-01-18
f03ea971-0ec2-4be7-aae9-364f3922b741,2,2026-01-19
f03ea971-0ec2-4be7-aae9-364f3922b741,2,2026-01-20
f03ea971-0ec2-4be7-aae9-364f3922b741,2,2026-01-21
f03ea971-0ec2-4be7-aae9-364f3922b741,2,2026-01-22
f03ea971-0ec2-4be7-aae9-364f3922b741,2,2026-01-23
f03ea971-0ec2-4be7-aae9-364f3922b741,2,2026-01-24
f03ea971-0ec2-4be7-aae9-364f3922b741,2,2026-01-25
f03ea971-0ec2-4be7-aae9-364f3922b741,2,2026-01-26
f03ea971-0ec2-4be7-aae9-364f3922b741,2,2026-01-27
f03ea971-0ec2-4be7-aae9-364f3922b741,2,2026-01-28
f03ea971-0ec2-4be7-aae9-364f3922b741,2,2026-01-29
f03ea971-0ec2-4be7-aae9-364f3922b741,2,2026-01-30
f03ea971-0ec2-4be7-aae9-364f3922b741,2,2026-01-31
f03ea971-0ec2-4be7-aae9-364f3922b741,2,2026-02-01
f03ea971-0ec2-4be7-aae9-364f3922b741,2,2026-02-02
f03ea971-0ec2-4be7-aae9-364f3922b741,2,2026-02-03
f03ea971-0ec2-4be7-aae9-364f3922b741,2,2026-02-04
f03ea971-0ec2-4be7-aae9-364f3922b741,2,2026-02-05
f03ea971-0ec2-4be7-aae9-364f3922b741,2,2026-02-06
f03ea971-0ec2-4be7-aae9-364f3922b741,2,2026-02-07
f03ea971-0ec2-4be7-aae9-364f3922b741,2,2026-02-08
f03ea971-0ec2-4be7-aae9-364f3922b741,2,2026-02-09
f03ea971-0ec2-4be7-aae9-364f3922b741,2,2026-02-10
f03ea971-0ec2-4be7-aae9-364f3922b741,2,2026-02-11
f03ea971-0ec2-4be7-aae9-364f3922b741,2,2026-02-12
f03ea971-0ec2-4be7-aae9-364f3922b741,2,2026-02-13
f03ea971-0ec2-4be7-aae9-364f3922b741,2,2026-02-14
f03ea971-0ec2-4be7-aae9-364f3922b741,2,2026-02-15
f03ea971-0ec2-4be7-aae9-364f3922b741,2,2026-02-16
f03ea971-0ec2-4be7-aae9-364f3922b741,2,2026-02-17
f03ea971-0ec2-4be7-aae9-364f3922b741,2,2026-02-18
f03ea971-0ec2-4be7-aae9-364f3922b741,2,2026-02-19
f03ea971-0ec2-4be7-aae9-364f3922b741,2,2026-02-20
f03ea971-0ec2-4be7-aae9-364f3922b741,2,2026-02-21
f03ea971-0ec2-4be7-aae9-364f3922b741,2,2026-02-22
f03ea971-0ec2-4be7-aae9-364f3922b741,2,2026-02-23
f03ea971-0ec2-4be7-aae9-364f3922b741,2,2026-02-24
f03ea971-0ec2-4be7-aae9-364f3922b741,2,2026-02-25
f03ea971-0ec2-4be7-aae9-364f3922b741,2,2026-02-26
f03ea971-0ec2-4be7-aae9-364f3922b741,2,2026-02-27
f03ea971-0ec2-4be7-aae9-364f3922b741,2,2026-02-28
f03ea971-0ec2-4be7-aae9-364f3922b741,2,2026-03-01
f03ea971-0ec2-4be7-aae9-364f3922b741,2,2026-03-02
f03ea971-0ec2-4be7-aae9-364f3922b741,2,2026-03-03
f03ea971-0ec2-4be7-aae9-364f3922b741,2,2026-03-04
f03ea971-0ec2-4be7-aae9-364f3922b741,2,2026-03-05
f03ea971-0ec2-4be7-aae9-364f3922b741,2,2026-03-06
f03ea971-0ec2-4be7-aae9-364f3922b741,2,2026-03-07
f03ea971-0ec2-4be7-aae9-364f3922b741,2,2026-03-08
f03ea971-0ec2-4be7-aae9-364f3922b741,2,2026-03-09
f03ea971-0ec2-4be7-aae9-364f3922b741,2,2026-03-10
f03ea971-0ec2-4be7-aae9-364f3922b741,2,2026-03-11
f03ea971-0ec2-4be7-aae9-364f3922b741,2,2026-03-12
f03ea971-0ec2-4be7-aae9-364f3922b741,2,2026-03-13
f03ea971-0ec2-4be7-aae9-364f3922b741,2,2026-03-14
f03ea971-0ec2-4be7-aae9-364f3922b741,2,2026-03-15
f03ea971-0ec2-4be7-aae9-364f3922b741,2,2026-03-16
f03ea971-0ec2-4be7-aae9-364f3922b741,2,2026-03-17
f03ea971-0ec2-4be7-aae9-364f3922b741,2,2026-03-18
f03ea971-0ec2-4be7-aae9-364f3922b741,2,2026-03-19
f03ea971-0ec2-4be7-aae9-364f3922b741,2,2026-03-20
f03ea971-0ec2-4be7-aae9-364f3922b741,2,2026-03-21
f03ea971-0ec2-4be7-aae9-364f3922b741,2,2026-03-22
f03ea971-0ec2-4be7-aae9-364f3922b741,2,2026-03-23
f03ea971-0ec2-4be7-aae9-364f3922b741,2,2026-03-24
f03ea971-0ec2-4be7-aae9-364f3922b741,2,2026-03-25
f03ea971-0ec2-4be7-aae9-364f3922b741,2,2026-03-26
f03ea971-0ec2-4be7-aae9-364f3922b741,2,2026-03-27
f03ea971-0ec2-4be7-aae9-364f3922b741,2,2026-03-28
f03ea971-0ec2-4be7-aae9-364f3922b741,2,2026-03-29
f03ea971-0ec2-4be7-aae9-364f3922b741,2,2026-03-30
f03ea971-0ec2-4be7-aae9-364f3922b741,2,2026-03-31
f03ea971-0ec2-4be7-aae9-364f3922b741,2,2026-04-01
f03ea971-0ec2-4be7-aae9-364f3922b741,2,2026-04-02
f03ea971-0ec2-4be7-aae9-364f3922b741,2,2026-04-03
f03ea971-0ec2-4be7-aae9-364f3922b741,2,2026-04-04
f03ea971-0ec2-4be7-aae9-364f3922b741,2,2026-04-05
f03ea971-0ec2-4be7-aae9-364f3922b741,2,2026-04-06
f03ea971-0ec2-4be7-aae9-364f3922b741,2,2026-04-07
f03ea971-0ec2-4be7-aae9-364f3922b741,2,2026-04-08
f03ea971-0ec2-4be7-aae9-364f3922b741,2,2026-04-09
f03ea971-0ec2-4be7-aae9-364f3922b741,2,2026-04-10
f03ea971-0ec2-4be7-aae9-364f3922b741,2,2026-04-11
f03ea971-0ec2-4be7-aae9-364f3922b741,2,2026-04-12
f03ea971-0ec2-4be7-aae9-364f3922b741,2,2026-04-13
f03ea971-0ec2-4be7-aae9-364f3922b741,2,2026-04-14
f03ea971-0ec2-4be7-aae9-364f3922b741,2,2026-04-15
f03ea971-0ec2-4be7-aae9-364f3922b741,2,2026-04-16
f03ea971-0ec2-4be7-aae9-364f3922b741,2,2026-04-17
f03ea971-0ec2-4be7-aae9-364f3922b741,2,2026-04-18
f03ea971-0ec2-4be7-aae9-364f3922b741,2,2026-04-19
f03ea971-0ec2-4be7-aae9-364f3922b741,2,2026-04-20
f03ea971-0ec2-4be7-aae9-364f3922b741,2,2026-04-21
f03ea971-0ec2-4be7-aae9-364f3922b741,2,2026-04-22
f03ea971-0ec2-4be7-aae9-364f3922b741,2,2026-04-23
f03ea971-0ec2-4be7-aae9-364f3922b741,2,2026-04-24
f03ea971-0ec2-4be7-aae9-364f3922b741,2,2026-04-25
f03ea971-0ec2-4be7-aae9-364f3922b741,2,2026-04-26
f03ea971-0ec2-4be7-aae9-364f3922b741,2,2026-04-27
f03ea971-0ec2-4be7-aae9-364f3922b741,2,2026-04-28
f03ea971-0ec2-4be7-aae9-364f3922b741,2,2026-04-29
f03ea971-0ec2-4be7-aae9-364f3922b741,2,2026-04-30
f03ea971-0ec2-4be7-aae9-364f3922b741,2,2026-05-01
f03ea971-0ec2-4be7-aae9-364f3922b741,2,2026-05-02
f03ea971-0ec2-4be7-aae9-364f3922b741,2,2026-05-03
f03ea971-0ec2-4be7-aae9-364f3922b741,2,2026-05-04
f03ea971-0ec2-4be7-aae9-364f3922b741,2,2026-05-05
f03ea971-0ec2-4be7-aae9-364f3922b741,2,2026-05-06
f03ea971-0ec2-4be7-aae9-364f3922b741,2,2026-05-07
f03ea971-0ec2-4be7-aae9-364f3922b741,2,2026-05-08
f03ea971-0ec2-4be7-aae9-364f3922b741,2,2026-05-09
f03ea971-0ec2-4be7-aae9-364f3922b741,2,2026-05-10
f03ea971-0ec2-4be7-aae9-364f3922b741,2,2026-05-11
f03ea971-0ec2-4be7-aae9-364f3922b741,2,2026-05-12
f03ea971-0ec2-4be7-aae9-364f3922b741,2,2026-05-13
f03ea971-0ec2-4be7-aae9-364f3922b741,2,2026-05-14
f03ea971-0ec2-4be7-aae9-364f3922b741,2,2026-05-15
f03ea971-0ec2-4be7-aae9-364f3922b741,2,2026-05-16
f03ea971-0ec2-4be7-aae9-364f3922b741,2,2026-05-18
f03ea971-0ec2-4be7-aae9-364f3922b741,2,2026-05-19
f03ea971-0ec2-4be7-aae9-364f3922b741,2,2026-05-20
f03ea971-0ec2-4be7-aae9-364f3922b741,2,2026-05-21
f03ea971-0ec2-4be7-aae9-364f3922b741,2,2026-05-22
f03ea971-0ec2-4be7-aae9-364f3922b741,2,2026-05-23
f03ea971-0ec2-4be7-aae9-364f3922b741,2,2026-05-25
f03ea971-0ec2-4be7-aae9-364f3922b741,2,2026-05-26
f03ea971-0ec2-4be7-aae9-364f3922b741,2,2026-05-27
f03ea971-0ec2-4be7-aae9-364f3922b741,2,2026-05-28
f03ea971-0ec2-4be7-aae9-364f3922b741,2,2026-05-29
f03ea971-0ec2-4be7-aae9-364f3922b741,2,2026-05-30
f03ea971-0ec2-4be7-aae9-364f3922b741,2,2026-06-01
f03ea971-0ec2-4be7-aae9-364f3922b741,2,2026-06-02
f03ea971-0ec2-4be7-aae9-364f3922b741,2,2026-06-03
f03ea971-0ec2-4be7-aae9-364f3922b741,2,2026-06-04
f03ea971-0ec2-4be7-aae9-364f3922b741,2,2026-06-05
f03ea971-0ec2-4be7-aae9-364f3922b741,2,2026-06-06
f03ea971-0ec2-4be7-aae9-364f3922b741,2,2026-06-08
f03ea971-0ec2-4be7-aae9-364f3922b741,2,2026-06-09
f03ea971-0ec2-4be7-aae9-364f3922b741,2,2026-06-10
f03ea971-0ec2-4be7-aae9-364f3922b741,2,2026-06-11
f03ea971-0ec2-4be7-aae9-364f3922b741,2,2026-06-12
f03ea971-0ec2-4be7-aae9-364f3922b741,2,2026-06-13
f03ea971-0ec2-4be7-aae9-364f3922b741,2,2026-06-15
f488e272-24db-42ce-9d36-80a013657223,2,2025-08-08
f488e272-24db-42ce-9d36-80a013657223,2,2025-08-09
f488e272-24db-42ce-9d36-80a013657223,2,2025-08-10
f488e272-24db-42ce-9d36-80a013657223,2,2025-08-11
f488e272-24db-42ce-9d36-80a013657223,2,2025-08-12
f488e272-24db-42ce-9d36-80a013657223,2,2025-08-13
f488e272-24db-42ce-9d36-80a013657223,2,2025-08-14
f488e272-24db-42ce-9d36-80a013657223,2,2025-08-24
f488e272-24db-42ce-9d36-80a013657223,2,2025-08-25
f488e272-24db-42ce-9d36-80a013657223,2,2025-08-26
f488e272-24db-42ce-9d36-80a013657223,2,2025-08-27
f488e272-24db-42ce-9d36-80a013657223,2,2025-08-28
f488e272-24db-42ce-9d36-80a013657223,2,2025-08-29
f488e272-24db-42ce-9d36-80a013657223,2,2025-08-30
f488e272-24db-42ce-9d36-80a013657223,2,2025-08-31
f488e272-24db-42ce-9d36-80a013657223,2,2025-09-01
f488e272-24db-42ce-9d36-80a013657223,2,2025-12-05
f488e272-24db-42ce-9d36-80a013657223,2,2025-12-06
f488e272-24db-42ce-9d36-80a013657223,2,2025-12-07
f488e272-24db-42ce-9d36-80a013657223,2,2026-03-20
f488e272-24db-42ce-9d36-80a013657223,2,2026-05-27
f488e272-24db-42ce-9d36-80a013657223,2,2026-08-03
f488e272-24db-42ce-9d36-80a013657223,2,2026-08-04
f488e272-24db-42ce-9d36-80a013657223,2,2026-08-05
f488e272-24db-42ce-9d36-80a013657223,2,2026-08-06
f488e272-24db-42ce-9d36-80a013657223,2,2026-08-07
f488e272-24db-42ce-9d36-80a013657223,2,2026-08-08
f488e272-24db-42ce-9d36-80a013657223,2,2026-08-09
f488e272-24db-42ce-9d36-80a013657223,2,2026-08-10
f488e272-24db-42ce-9d36-80a013657223,2,2026-08-11
f488e272-24db-42ce-9d36-80a013657223,2,2026-08-12
f488e272-24db-42ce-9d36-80a013657223,2,2026-08-13
f488e272-24db-42ce-9d36-80a013657223,2,2026-08-14
f488e272-24db-42ce-9d36-80a013657223,2,2026-08-15
f488e272-24db-42ce-9d36-80a013657223,2,2026-08-16
f488e272-24db-42ce-9d36-80a013657223,2,2026-08-25
f488e272-24db-42ce-9d36-80a013657223,2,2026-08-26
f488e272-24db-42ce-9d36-80a013657223,2,2026-08-27
f488e272-24db-42ce-9d36-80a013657223,2,2026-08-28
f538e494-84f3-4ea8-ae3b-f0f142294fbe,2,2025-05-28
f538e494-84f3-4ea8-ae3b-f0f142294fbe,2,2025-06-03
f538e494-84f3-4ea8-ae3b-f0f142294fbe,2,2025-06-04
f538e494-84f3-4ea8-ae3b-f0f142294fbe,2,2025-06-05
f538e494-84f3-4ea8-ae3b-f0f142294fbe,2,2025-06-06
f538e494-84f3-4ea8-ae3b-f0f142294fbe,2,2025-06-07
f538e494-84f3-4ea8-ae3b-f0f142294fbe,2,2025-06-08
f538e494-84f3-4ea8-ae3b-f0f142294fbe,2,2025-06-09
f538e494-84f3-4ea8-ae3b-f0f142294fbe,2,2025-06-10
f538e494-84f3-4ea8-ae3b-f0f142294fbe,2,2025-06-11
f538e494-84f3-4ea8-ae3b-f0f142294fbe,2,2025-06-12
f538e494-84f3-4ea8-ae3b-f0f142294fbe,2,2025-06-13
f538e494-84f3-4ea8-ae3b-f0f142294fbe,2,2025-06-14
f538e494-84f3-4ea8-ae3b-f0f142294fbe,2,2025-06-15
f538e494-84f3-4ea8-ae3b-f0f142294fbe,2,2025-06-16
f538e494-84f3-4ea8-ae3b-f0f142294fbe,2,2025-06-17
f538e494-84f3-4ea8-ae3b-f0f142294fbe,2,2025-06-18
f538e494-84f3-4ea8-ae3b-f0f142294fbe,2,2025-10-20
f538e494-84f3-4ea8-ae3b-f0f142294fbe,2,2025-11-19
f538e494-84f3-4ea8-ae3b-f0f142294fbe,2,2025-11-20
f538e494-84f3-4ea8-ae3b-f0f142294fbe,2,2025-11-21
f538e494-84f3-4ea8-ae3b-f0f142294fbe,2,2025-11-22
f538e494-84f3-4ea8-ae3b-f0f142294fbe,2,2025-12-10
f538e494-84f3-4ea8-ae3b-f0f142294fbe,2,2026-02-12
f538e494-84f3-4ea8-ae3b-f0f142294fbe,2,2026-02-17
f538e494-84f3-4ea8-ae3b-f0f142294fbe,2,2026-03-24
f538e494-84f3-4ea8-ae3b-f0f142294fbe,2,2026-04-30
f538e494-84f3-4ea8-ae3b-f0f142294fbe,2,2026-05-14
f538e494-84f3-4ea8-ae3b-f0f142294fbe,2,2026-05-24
f538e494-84f3-4ea8-ae3b-f0f142294fbe,2,2026-06-02
f538e494-84f3-4ea8-ae3b-f0f142294fbe,2,2026-06-12
f538e494-84f3-4ea8-ae3b-f0f142294fbe,2,2026-06-13
f538e494-84f3-4ea8-ae3b-f0f142294fbe,2,2026-06-14
f538e494-84f3-4ea8-ae3b-f0f142294fbe,2,2026-06-15
f538e494-84f3-4ea8-ae3b-f0f142294fbe,2,2026-06-16
f538e494-84f3-4ea8-ae3b-f0f142294fbe,2,2026-06-17
f538e494-84f3-4ea8-ae3b-f0f142294fbe,2,2026-06-18
f538e494-84f3-4ea8-ae3b-f0f142294fbe,2,2026-06-19
f538e494-84f3-4ea8-ae3b-f0f142294fbe,2,2026-06-20
f538e494-84f3-4ea8-ae3b-f0f142294fbe,2,2026-06-21
f538e494-84f3-4ea8-ae3b-f0f142294fbe,2,2026-06-22
f538e494-84f3-4ea8-ae3b-f0f142294fbe,2,2026-06-23
f538e494-84f3-4ea8-ae3b-f0f142294fbe,2,2026-06-24
f538e494-84f3-4ea8-ae3b-f0f142294fbe,2,2026-06-25
f538e494-84f3-4ea8-ae3b-f0f142294fbe,2,2026-06-26
fa431862-6ab2-46f0-91f3-97ae1452fc85,2,2025-08-04
fa431862-6ab2-46f0-91f3-97ae1452fc85,2,2025-08-05
fa431862-6ab2-46f0-91f3-97ae1452fc85,2,2025-08-06
fa431862-6ab2-46f0-91f3-97ae1452fc85,2,2025-08-07
fa431862-6ab2-46f0-91f3-97ae1452fc85,2,2025-08-08
fa431862-6ab2-46f0-91f3-97ae1452fc85,2,2025-08-09
fa431862-6ab2-46f0-91f3-97ae1452fc85,2,2025-08-10
fa431862-6ab2-46f0-91f3-97ae1452fc85,2,2025-08-11
fa431862-6ab2-46f0-91f3-97ae1452fc85,2,2025-08-12
fa431862-6ab2-46f0-91f3-97ae1452fc85,2,2025-08-13
fa431862-6ab2-46f0-91f3-97ae1452fc85,2,2025-08-14
fa431862-6ab2-46f0-91f3-97ae1452fc85,2,2025-08-15
fa431862-6ab2-46f0-91f3-97ae1452fc85,2,2025-08-16
fa431862-6ab2-46f0-91f3-97ae1452fc85,2,2025-08-17
fa431862-6ab2-46f0-91f3-97ae1452fc85,2,2025-10-13
fa431862-6ab2-46f0-91f3-97ae1452fc85,2,2025-10-14
fa431862-6ab2-46f0-91f3-97ae1452fc85,2,2025-10-15
fa431862-6ab2-46f0-91f3-97ae1452fc85,2,2025-10-16
fa431862-6ab2-46f0-91f3-97ae1452fc85,2,2026-05-20
fa431862-6ab2-46f0-91f3-97ae1452fc85,2,2026-05-21
fa431862-6ab2-46f0-91f3-97ae1452fc85,2,2026-05-22
fa431862-6ab2-46f0-91f3-97ae1452fc85,2,2026-05-23
fa431862-6ab2-46f0-91f3-97ae1452fc85,2,2026-08-10
fa431862-6ab2-46f0-91f3-97ae1452fc85,2,2026-08-11
fa431862-6ab2-46f0-91f3-97ae1452fc85,2,2026-08-12
fa431862-6ab2-46f0-91f3-97ae1452fc85,2,2026-08-13
fa431862-6ab2-46f0-91f3-97ae1452fc85,2,2026-08-14
fa431862-6ab2-46f0-91f3-97ae1452fc85,2,2026-08-15
fa431862-6ab2-46f0-91f3-97ae1452fc85,2,2026-08-16
fa431862-6ab2-46f0-91f3-97ae1452fc85,2,2026-08-17
fa431862-6ab2-46f0-91f3-97ae1452fc85,2,2026-08-18
fa431862-6ab2-46f0-91f3-97ae1452fc85,2,2026-08-19
fa431862-6ab2-46f0-91f3-97ae1452fc85,2,2026-08-20
fa431862-6ab2-46f0-91f3-97ae1452fc85,2,2026-08-21
fa431862-6ab2-46f0-91f3-97ae1452fc85,2,2026-08-22
fa431862-6ab2-46f0-91f3-97ae1452fc85,2,2026-08-23
fafe9819-8c58-4398-a1cc-77584270b6ed,2,2025-06-17
fafe9819-8c58-4398-a1cc-77584270b6ed,2,2025-07-30
fafe9819-8c58-4398-a1cc-77584270b6ed,2,2025-07-31
fafe9819-8c58-4398-a1cc-77584270b6ed,2,2025-10-27
fafe9819-8c58-4398-a1cc-77584270b6ed,2,2025-10-28
fafe9819-8c58-4398-a1cc-77584270b6ed,2,2025-10-29
fafe9819-8c58-4398-a1cc-77584270b6ed,2,2025-10-30
fafe9819-8c58-4398-a1cc-77584270b6ed,2,2025-10-31
fafe9819-8c58-4398-a1cc-77584270b6ed,2,2025-11-01
fafe9819-8c58-4398-a1cc-77584270b6ed,2,2025-11-02
fafe9819-8c58-4398-a1cc-77584270b6ed,2,2025-11-03
fafe9819-8c58-4398-a1cc-77584270b6ed,2,2025-11-04
fafe9819-8c58-4398-a1cc-77584270b6ed,2,2025-11-05
fafe9819-8c58-4398-a1cc-77584270b6ed,2,2025-11-06
fafe9819-8c58-4398-a1cc-77584270b6ed,2,2025-11-07
fafe9819-8c58-4398-a1cc-77584270b6ed,2,2025-11-08
fafe9819-8c58-4398-a1cc-77584270b6ed,2,2025-11-09
fafe9819-8c58-4398-a1cc-77584270b6ed,2,2025-11-10
fafe9819-8c58-4398-a1cc-77584270b6ed,2,2025-11-11
fafe9819-8c58-4398-a1cc-77584270b6ed,2,2025-11-12
fafe9819-8c58-4398-a1cc-77584270b6ed,2,2025-11-13
fafe9819-8c58-4398-a1cc-77584270b6ed,2,2025-11-14
fafe9819-8c58-4398-a1cc-77584270b6ed,2,2025-11-15
fafe9819-8c58-4398-a1cc-77584270b6ed,2,2025-11-16
fafe9819-8c58-4398-a1cc-77584270b6ed,2,2026-01-29
fafe9819-8c58-4398-a1cc-77584270b6ed,2,2026-01-30
fafe9819-8c58-4398-a1cc-77584270b6ed,2,2026-03-23
fafe9819-8c58-4398-a1cc-77584270b6ed,2,2026-06-23
fafe9819-8c58-4398-a1cc-77584270b6ed,2,2026-07-15
fafe9819-8c58-4398-a1cc-77584270b6ed,2,2026-08-10
fafe9819-8c58-4398-a1cc-77584270b6ed,2,2026-08-11
fafe9819-8c58-4398-a1cc-77584270b6ed,2,2026-08-12
fafe9819-8c58-4398-a1cc-77584270b6ed,2,2026-08-13
fafe9819-8c58-4398-a1cc-77584270b6ed,2,2026-08-14
fafe9819-8c58-4398-a1cc-77584270b6ed,2,2026-08-15
fafe9819-8c58-4398-a1cc-77584270b6ed,2,2026-08-16
fafe9819-8c58-4398-a1cc-77584270b6ed,2,2026-10-19
fafe9819-8c58-4398-a1cc-77584270b6ed,2,2026-10-20
fafe9819-8c58-4398-a1cc-77584270b6ed,2,2026-10-21
fafe9819-8c58-4398-a1cc-77584270b6ed,2,2026-10-22
fafe9819-8c58-4398-a1cc-77584270b6ed,2,2026-10-23
fafe9819-8c58-4398-a1cc-77584270b6ed,2,2026-10-24
fafe9819-8c58-4398-a1cc-77584270b6ed,2,2026-10-25
fafe9819-8c58-4398-a1cc-77584270b6ed,2,2026-10-26
fafe9819-8c58-4398-a1cc-77584270b6ed,2,2026-10-27
fafe9819-8c58-4398-a1cc-77584270b6ed,2,2026-10-28
fafe9819-8c58-4398-a1cc-77584270b6ed,2,2026-10-29
fafe9819-8c58-4398-a1cc-77584270b6ed,2,2026-10-30
fafe9819-8c58-4398-a1cc-77584270b6ed,2,2026-10-31
fafe9819-8c58-4398-a1cc-77584270b6ed,2,2026-11-01
ff7cc517-15bb-4dc9-a941-2902d92fc311,2,2025-03-09
ff7cc517-15bb-4dc9-a941-2902d92fc311,2,2025-03-10
ff7cc517-15bb-4dc9-a941-2902d92fc311,2,2025-03-11
ff7cc517-15bb-4dc9-a941-2902d92fc311,2,2025-03-12
ff7cc517-15bb-4dc9-a941-2902d92fc311,2,2025-03-13
ff7cc517-15bb-4dc9-a941-2902d92fc311,2,2025-03-14
ff7cc517-15bb-4dc9-a941-2902d92fc311,2,2025-04-20
ff7cc517-15bb-4dc9-a941-2902d92fc311,2,2025-04-21
ff7cc517-15bb-4dc9-a941-2902d92fc311,2,2025-04-22
ff7cc517-15bb-4dc9-a941-2902d92fc311,2,2025-04-23
ff7cc517-15bb-4dc9-a941-2902d92fc311,2,2025-04-24
ff7cc517-15bb-4dc9-a941-2902d92fc311,2,2025-04-25
ff7cc517-15bb-4dc9-a941-2902d92fc311,2,2025-04-26
ff7cc517-15bb-4dc9-a941-2902d92fc311,2,2025-04-27
ff7cc517-15bb-4dc9-a941-2902d92fc311,2,2025-05-14
ff7cc517-15bb-4dc9-a941-2902d92fc311,2,2025-05-17
ff7cc517-15bb-4dc9-a941-2902d92fc311,2,2025-05-18
ff7cc517-15bb-4dc9-a941-2902d92fc311,2,2025-05-24
ff7cc517-15bb-4dc9-a941-2902d92fc311,2,2025-05-25
ff7cc517-15bb-4dc9-a941-2902d92fc311,2,2025-06-14
ff7cc517-15bb-4dc9-a941-2902d92fc311,2,2025-06-15
ff7cc517-15bb-4dc9-a941-2902d92fc311,2,2025-06-16
ff7cc517-15bb-4dc9-a941-2902d92fc311,2,2025-06-17
ff7cc517-15bb-4dc9-a941-2902d92fc311,2,2025-06-18
ff7cc517-15bb-4dc9-a941-2902d92fc311,2,2025-06-19
ff7cc517-15bb-4dc9-a941-2902d92fc311,2,2025-06-20
ff7cc517-15bb-4dc9-a941-2902d92fc311,2,2025-06-21
ff7cc517-15bb-4dc9-a941-2902d92fc311,2,2025-07-20
ff7cc517-15bb-4dc9-a941-2902d92fc311,2,2025-07-21
ff7cc517-15bb-4dc9-a941-2902d92fc311,2,2025-07-22
ff7cc517-15bb-4dc9-a941-2902d92fc311,2,2025-07-23
ff7cc517-15bb-4dc9-a941-2902d92fc311,2,2025-07-24
ff7cc517-15bb-4dc9-a941-2902d92fc311,2,2025-07-25
ff7cc517-15bb-4dc9-a941-2902d92fc311,2,2025-07-26
ff7cc517-15bb-4dc9-a941-2902d92fc311,2,2025-07-27
ff7cc517-15bb-4dc9-a941-2902d92fc311,2,2025-07-28
ff7cc517-15bb-4dc9-a941-2902d92fc311,2,2025-07-29
ff7cc517-15bb-4dc9-a941-2902d92fc311,2,2025-07-30
ff7cc517-15bb-4dc9-a941-2902d92fc311,2,2025-07-31
ff7cc517-15bb-4dc9-a941-2902d92fc311,2,2025-08-01
ff7cc517-15bb-4dc9-a941-2902d92fc311,2,2025-09-18
ff7cc517-15bb-4dc9-a941-2902d92fc311,2,2025-09-19
ff7cc517-15bb-4dc9-a941-2902d92fc311,2,2025-09-20
ff7cc517-15bb-4dc9-a941-2902d92fc311,2,2025-09-21
ff7cc517-15bb-4dc9-a941-2902d92fc311,2,2025-10-18
ff7cc517-15bb-4dc9-a941-2902d92fc311,2,2025-10-19
ff7cc517-15bb-4dc9-a941-2902d92fc311,3,2025-11-09
ff7cc517-15bb-4dc9-a941-2902d92fc311,2,2025-12-16
ff7cc517-15bb-4dc9-a941-2902d92fc311,2,2025-12-24
ff7cc517-15bb-4dc9-a941-2902d92fc311,2,2026-01-08
ff7cc517-15bb-4dc9-a941-2902d92fc311,2,2026-01-09
ff7cc517-15bb-4dc9-a941-2902d92fc311,2,2026-01-10
ff7cc517-15bb-4dc9-a941-2902d92fc311,2,2026-01-11
ff7cc517-15bb-4dc9-a941-2902d92fc311,2,2026-01-12
ff7cc517-15bb-4dc9-a941-2902d92fc311,2,2026-02-21
ff7cc517-15bb-4dc9-a941-2902d92fc311,2,2026-02-22
ff7cc517-15bb-4dc9-a941-2902d92fc311,2,2026-02-24
ff7cc517-15bb-4dc9-a941-2902d92fc311,2,2026-02-26
ff7cc517-15bb-4dc9-a941-2902d92fc311,2,2026-02-27
ff7cc517-15bb-4dc9-a941-2902d92fc311,2,2026-02-28
ff7cc517-15bb-4dc9-a941-2902d92fc311,2,2026-04-25
ff7cc517-15bb-4dc9-a941-2902d92fc311,2,2026-04-26
ff7cc517-15bb-4dc9-a941-2902d92fc311,2,2026-04-27
ff7cc517-15bb-4dc9-a941-2902d92fc311,2,2026-05-16
ff7cc517-15bb-4dc9-a941-2902d92fc311,2,2026-05-17
ff7cc517-15bb-4dc9-a941-2902d92fc311,2,2026-06-05
ff7cc517-15bb-4dc9-a941-2902d92fc311,2,2026-06-06
ff7cc517-15bb-4dc9-a941-2902d92fc311,2,2026-06-07
ff7cc517-15bb-4dc9-a941-2902d92fc311,2,2026-06-22
ff7cc517-15bb-4dc9-a941-2902d92fc311,2,2026-06-23
ff7cc517-15bb-4dc9-a941-2902d92fc311,2,2026-06-24
ff7cc517-15bb-4dc9-a941-2902d92fc311,2,2026-06-25
ff7cc517-15bb-4dc9-a941-2902d92fc311,2,2026-06-26
ff7cc517-15bb-4dc9-a941-2902d92fc311,2,2026-06-27
ff7cc517-15bb-4dc9-a941-2902d92fc311,2,2026-06-28
ff7cc517-15bb-4dc9-a941-2902d92fc311,2,2026-08-31
ff7cc517-15bb-4dc9-a941-2902d92fc311,2,2026-09-01
ff7cc517-15bb-4dc9-a941-2902d92fc311,2,2026-09-02
ff7cc517-15bb-4dc9-a941-2902d92fc311,2,2026-09-03
ff7cc517-15bb-4dc9-a941-2902d92fc311,2,2026-09-04
ff7cc517-15bb-4dc9-a941-2902d92fc311,2,2026-09-05
ff7cc517-15bb-4dc9-a941-2902d92fc311,2,2026-09-06
ff7cc517-15bb-4dc9-a941-2902d92fc311,2,2026-09-07
ff7cc517-15bb-4dc9-a941-2902d92fc311,2,2026-09-08
ff7cc517-15bb-4dc9-a941-2902d92fc311,2,2026-09-09
ff7cc517-15bb-4dc9-a941-2902d92fc311,2,2026-09-10
ff7cc517-15bb-4dc9-a941-2902d92fc311,2,2026-09-11
ff7cc517-15bb-4dc9-a941-2902d92fc311,2,2026-09-12
ff7cc517-15bb-4dc9-a941-2902d92fc311,2,2026-09-13
ff7cc517-15bb-4dc9-a941-2902d92fc311,2,2026-09-17
ff7cc517-15bb-4dc9-a941-2902d92fc311,2,2026-09-18
ff7cc517-15bb-4dc9-a941-2902d92fc311,2,2026-09-19
ff7cc517-15bb-4dc9-a941-2902d92fc311,2,2026-09-20
ff7cc517-15bb-4dc9-a941-2902d92fc311,2,2026-09-21
